asset_id,time,open,close,high,low,volume,market_cap,url_shares,unique_url_shares,reddit_posts,reddit_posts_score,reddit_comments,reddit_comments_score,tweets,tweet_spam,tweet_followers,tweet_quotes,tweet_retweets,tweet_replies,tweet_favorites,tweet_sentiment1,tweet_sentiment2,tweet_sentiment3,tweet_sentiment4,tweet_sentiment5,tweet_sentiment_impact1,tweet_sentiment_impact2,tweet_sentiment_impact3,tweet_sentiment_impact4,tweet_sentiment_impact5,social_score,average_sentiment,sentiment_absolute,sentiment_relative,search_average,news,price_score,social_impact_score,correlation_rank,galaxy_score,volatility,alt_rank,alt_rank_30d,alt_rank_hour_average,market_cap_rank,percent_change_24h_rank,volume_24h_rank,social_volume_24h_rank,social_score_24h_rank,medium,youtube,social_contributors,social_volume,price_btc,social_volume_global,social_dominance,market_cap_global,market_dominance
2,1630454400,3433.82635387,3828.20699033,3829.37750481,3409.85761946,59643828027.76,399378839784,26813,15010,1168,20692,4621,13384,99649,45835,345948609,2000,31586,15734,144996,2130,9068,13928,70406,4117,12441986,31357326,30909556,242073867,29360190,346203814,3.7,3,87,,177,3,4,3.9,73,0.03051254,1,32,5.79,2,339,3,2,2,11,7,82643,120625,0.07838287726785409,1441167,8.369952961731709,2432815200558,16.416324581184664
asset_id,time,open,close,high,low,volume,market_cap,url_shares,unique_url_shares,reddit_posts,reddit_posts_score,reddit_comments,reddit_comments_score,tweets,tweet_spam,tweet_followers,tweet_quotes,tweet_retweets,tweet_replies,tweet_favorites,tweet_sentiment1,tweet_sentiment2,tweet_sentiment3,tweet_sentiment4,tweet_sentiment5,tweet_sentiment_impact1,tweet_sentiment_impact2,tweet_sentiment_impact3,tweet_sentiment_impact4,tweet_sentiment_impact5,social_score,average_sentiment,sentiment_absolute,sentiment_relative,search_average,news,price_score,social_impact_score,correlation_rank,galaxy_score,volatility,alt_rank,alt_rank_30d,alt_rank_hour_average,market_cap_rank,percent_change_24h_rank,volume_24h_rank,social_volume_24h_rank,social_score_24h_rank,medium,youtube,social_contributors,social_volume,price_btc,social_volume_global,social_dominance,market_cap_global,market_dominance,percent_change_24h
2,1630540800,3828.21768772,3787.21370021,3836.19247714,3714.3395612,45000966948.82,444364329963,21700,11002,1006,17232,4530,11568,98325,38015,373528089,2571,28855,12510,109246,1665,8517,15562,67984,4597,10564740,26570428,37739956,273597882,25208265,373731771,3.7,3,88,,158,3.1,4,4.2,75,0.03666773,10,49,22.96,2,1134,4,2,2,12,6,77719,115021,0.07686027595225342,1438031,7.998506290893589,2454362865283,18.10507876600238,-1.0708221949217607
asset_id,time,open,close,high,low,volume,market_cap,url_shares,unique_url_shares,reddit_posts,reddit_posts_score,reddit_comments,reddit_comments_score,tweets,tweet_spam,tweet_followers,tweet_quotes,tweet_retweets,tweet_replies,tweet_favorites,tweet_sentiment1,tweet_sentiment2,tweet_sentiment3,tweet_sentiment4,tweet_sentiment5,tweet_sentiment_impact1,tweet_sentiment_impact2,tweet_sentiment_impact3,tweet_sentiment_impact4,tweet_sentiment_impact5,social_score,average_sentiment,sentiment_absolute,sentiment_relative,search_average,news,price_score,social_impact_score,correlation_rank,galaxy_score,volatility,alt_rank,alt_rank_30d,alt_rank_hour_average,market_cap_rank,percent_change_24h_rank,volume_24h_rank,social_volume_24h_rank,social_score_24h_rank,medium,youtube,social_contributors,social_volume,price_btc,social_volume_global,social_dominance,market_cap_global,market_dominance,percent_change_24h
2,1630627200,3789.21811322,3941.8387304,4020.1107226,3730.20435328,52032391045.07,438587743951,40563,16404,1035,19485,5036,15559,103053,36616,341603503,3377,27782,12242,98566,2140,8808,12273,76798,3034,6982151,27237169,27855399,258997377,20673374,341821077,3.7,3,88,,133,2.2,3.4,3.6,64.5,0.01885219,11,41,25.46,2,519,4,2,2,15,4,79355,125661,0.07875974823930078,1311959,9.578119438183663,2512743382728,17.454537815749422,4.082817670981336
asset_id,time,open,close,high,low,volume,market_cap,url_shares,unique_url_shares,reddit_posts,reddit_posts_score,reddit_comments,reddit_comments_score,tweets,tweet_spam,tweet_followers,tweet_quotes,tweet_retweets,tweet_replies,tweet_favorites,tweet_sentiment1,tweet_sentiment2,tweet_sentiment3,tweet_sentiment4,tweet_sentiment5,tweet_sentiment_impact1,tweet_sentiment_impact2,tweet_sentiment_impact3,tweet_sentiment_impact4,tweet_sentiment_impact5,social_score,average_sentiment,sentiment_absolute,sentiment_relative,search_average,news,price_score,social_impact_score,correlation_rank,galaxy_score,volatility,alt_rank,alt_rank_30d,alt_rank_hour_average,market_cap_rank,percent_change_24h_rank,volume_24h_rank,social_volume_24h_rank,social_score_24h_rank,medium,youtube,social_contributors,social_volume,price_btc,social_volume_global,social_dominance,market_cap_global,market_dominance,percent_change_24h
2,1630713600,3941.52263729,3889.75744837,3965.99632577,3844.7717478,37190450206.92,463551229526,26621,11731,1182,9975,3471,9471,81400,31896,220681391,1537,21741,8421,69467,1195,9261,10565,57316,3063,9401677,16267563,21894949,156125755,17092613,220828624,3.6,3,85,,74,5,4,3.5,81,0.01751745,112,48,153.58,2,2156,3,2,2,10,,61954,97858,0.07787193555020207,1188907,8.230921342039368,2550538629715,18.174640608278015,-1.3212433483983452
asset_id,time,open,close,high,low,volume,market_cap,url_shares,unique_url_shares,reddit_posts,reddit_posts_score,reddit_comments,reddit_comments_score,tweets,tweet_spam,tweet_followers,tweet_quotes,tweet_retweets,tweet_replies,tweet_favorites,tweet_sentiment1,tweet_sentiment2,tweet_sentiment3,tweet_sentiment4,tweet_sentiment5,tweet_sentiment_impact1,tweet_sentiment_impact2,tweet_sentiment_impact3,tweet_sentiment_impact4,tweet_sentiment_impact5,social_score,average_sentiment,sentiment_absolute,sentiment_relative,search_average,news,price_score,social_impact_score,correlation_rank,galaxy_score,volatility,alt_rank,alt_rank_30d,alt_rank_hour_average,market_cap_rank,percent_change_24h_rank,volume_24h_rank,social_volume_24h_rank,social_score_24h_rank,medium,youtube,social_contributors,social_volume,price_btc,social_volume_global,social_dominance,market_cap_global,market_dominance,percent_change_24h
2,1630800000,3890.0149043,3950.53284231,3987.39903687,3850.87625753,34153892294.77,458618193455,23636,9120,964,11686,4023,11433,77531,31091,170532875,1005,18144,6458,56166,1864,9634,13452,49140,3441,3761377,21336580,19267181,116210914,10038596,170661403,3.5,3,81,,55,2.7,3,2.1,56,0.00693197,93,74,137.42,2,1160,4,2,3,10,4,58268,91693,0.07632130581953728,1237414,7.410050314607722,2624120045689,17.477027935838326,1.562446881243658
asset_id,time,open,close,high,low,volume,market_cap,url_shares,unique_url_shares,reddit_posts,reddit_posts_score,reddit_comments,reddit_comments_score,tweets,tweet_spam,tweet_followers,tweet_quotes,tweet_retweets,tweet_replies,tweet_favorites,tweet_sentiment1,tweet_sentiment2,tweet_sentiment3,tweet_sentiment4,tweet_sentiment5,tweet_sentiment_impact1,tweet_sentiment_impact2,tweet_sentiment_impact3,tweet_sentiment_impact4,tweet_sentiment_impact5,social_score,average_sentiment,sentiment_absolute,sentiment_relative,search_average,news,price_score,social_impact_score,correlation_rank,galaxy_score,volatility,alt_rank,alt_rank_30d,alt_rank_hour_average,market_cap_rank,percent_change_24h_rank,volume_24h_rank,social_volume_24h_rank,social_score_24h_rank,medium,youtube,social_contributors,social_volume,price_btc,social_volume_global,social_dominance,market_cap_global,market_dominance,percent_change_24h
2,1630886400,3951.18525975,3930.43465939,3978.48940436,3881.63266765,33942690388.35,461756327340,21062,11427,1071,22522,3620,9226,89102,44746,262677497,1381,27272,8351,67545,1874,9023,10800,64101,3304,4289499,21007691,21212912,205287271,10984673,262834856,3.6,3,86,,118,2.7,3,3.4,63.5,0.00667745,73,71,112.42,2,1760,4,2,2,19,,67570,105338,0.07455919765764203,1491918,7.060575715287301,2675933521515,17.255896816097778,-0.508746129249946
asset_id,time,open,close,high,low,volume,market_cap,url_shares,unique_url_shares,reddit_posts,reddit_posts_score,reddit_comments,reddit_comments_score,tweets,tweet_spam,tweet_followers,tweet_quotes,tweet_retweets,tweet_replies,tweet_favorites,tweet_sentiment1,tweet_sentiment2,tweet_sentiment3,tweet_sentiment4,tweet_sentiment5,tweet_sentiment_impact1,tweet_sentiment_impact2,tweet_sentiment_impact3,tweet_sentiment_impact4,tweet_sentiment_impact5,social_score,average_sentiment,sentiment_absolute,sentiment_relative,search_average,news,price_score,social_impact_score,correlation_rank,galaxy_score,volatility,alt_rank,alt_rank_30d,alt_rank_hour_average,market_cap_rank,percent_change_24h_rank,volume_24h_rank,social_volume_24h_rank,social_score_24h_rank,medium,youtube,social_contributors,social_volume,price_btc,social_volume_global,social_dominance,market_cap_global,market_dominance,percent_change_24h
2,1630972800,3931.41496898,3449.79145408,3931.41496898,3055.95186424,80075547176.1,458252173995,26287,11409,1073,15322,4424,15701,100402,45574,301844872,1520,28525,8440,85939,1852,9550,11040,75244,2716,7536929,35732291,19576407,223035349,16088320,302026606,3.7,3,87,,124,3.9,4.1,2.9,73,0.02180513,50,58,93.79,3,1902,4,2,2,19,2,80305,117432,0.07328789842549073,1734386,6.770811111252051,2398285563987,19.10748998685479,-12.228754500770538
asset_id,time,open,close,high,low,volume,market_cap,url_shares,unique_url_shares,reddit_posts,reddit_posts_score,reddit_comments,reddit_comments_score,tweets,tweet_spam,tweet_followers,tweet_quotes,tweet_retweets,tweet_replies,tweet_favorites,tweet_sentiment1,tweet_sentiment2,tweet_sentiment3,tweet_sentiment4,tweet_sentiment5,tweet_sentiment_impact1,tweet_sentiment_impact2,tweet_sentiment_impact3,tweet_sentiment_impact4,tweet_sentiment_impact5,social_score,average_sentiment,sentiment_absolute,sentiment_relative,search_average,news,price_score,social_impact_score,correlation_rank,galaxy_score,volatility,alt_rank,alt_rank_30d,alt_rank_hour_average,market_cap_rank,percent_change_24h_rank,volume_24h_rank,social_volume_24h_rank,social_score_24h_rank,medium,youtube,social_contributors,social_volume,price_btc,social_volume_global,social_dominance,market_cap_global,market_dominance,percent_change_24h
2,1631059200,3447.63704546,3511.16710121,3563.51811066,3249.62570344,62516531860.9,407031958315,19541,10503,907,15942,3377,9069,90724,46040,293124375,1696,16836,6504,65322,1455,8052,11501,64479,5236,5866653,28805635,20399579,218820908,19321895,293259285,3.7,3,88,,124,2.9,3.7,2.8,65.5,0.05683506,19,44,49.17,2,783,4,2,2,13,2,74977,105635,0.07594853636269668,1486530,7.106146529165238,2423952821608,16.79207427993518,1.7791118085532989
asset_id,time,open,close,high,low,volume,market_cap,url_shares,unique_url_shares,reddit_posts,reddit_posts_score,reddit_comments,reddit_comments_score,tweets,tweet_spam,tweet_followers,tweet_quotes,tweet_retweets,tweet_replies,tweet_favorites,tweet_sentiment1,tweet_sentiment2,tweet_sentiment3,tweet_sentiment4,tweet_sentiment5,tweet_sentiment_impact1,tweet_sentiment_impact2,tweet_sentiment_impact3,tweet_sentiment_impact4,tweet_sentiment_impact5,social_score,average_sentiment,sentiment_absolute,sentiment_relative,search_average,news,price_score,social_impact_score,correlation_rank,galaxy_score,volatility,alt_rank,alt_rank_30d,alt_rank_hour_average,market_cap_rank,percent_change_24h_rank,volume_24h_rank,social_volume_24h_rank,social_score_24h_rank,medium,youtube,social_contributors,social_volume,price_btc,social_volume_global,social_dominance,market_cap_global,market_dominance,percent_change_24h
2,1631145600,3503.00276883,3427.00108448,3560.45084392,3400.87346806,45525857137.74,413672879145,20125,10575,963,25593,3763,10324,102609,52157,282753959,2691,22578,19185,81434,1678,7211,12730,77021,3969,3899862,27555519,20600244,218544710,12279512,282935889,3.7,3,90,,130,3,3.4,3.1,66,0.02055065,73,48,115.29,2,2300,4,2,2,8,4,85793,118040,0.07383838282905428,1538690,7.671460788072972,2437992314862,16.967767971344713,-2.3970951624887147
asset_id,time,open,close,high,low,volume,market_cap,url_shares,unique_url_shares,reddit_posts,reddit_posts_score,reddit_comments,reddit_comments_score,tweets,tweet_spam,tweet_followers,tweet_quotes,tweet_retweets,tweet_replies,tweet_favorites,tweet_sentiment1,tweet_sentiment2,tweet_sentiment3,tweet_sentiment4,tweet_sentiment5,tweet_sentiment_impact1,tweet_sentiment_impact2,tweet_sentiment_impact3,tweet_sentiment_impact4,tweet_sentiment_impact5,social_score,average_sentiment,sentiment_absolute,sentiment_relative,search_average,news,price_score,social_impact_score,correlation_rank,galaxy_score,volatility,alt_rank,alt_rank_30d,alt_rank_hour_average,market_cap_rank,percent_change_24h_rank,volume_24h_rank,social_volume_24h_rank,social_score_24h_rank,medium,youtube,social_contributors,social_volume,price_btc,social_volume_global,social_dominance,market_cap_global,market_dominance,percent_change_24h
2,1631232000,3432.51700821,3217.34158451,3499.74290209,3166.60294496,43763174083.77,406118708446,17330,8489,834,11045,3304,10379,91836,39626,281205287,1203,19853,9940,64981,2922,7225,10680,66993,4016,2826093,29784272,20026843,216697141,11966915,281340018,3.7,3,88,,103,3,4,2.1,64,0.01584763,126,50,174.38,2,2227,4,2,2,16,,70349,104566,0.0714766314644077,1536776,6.804244730526765,2366139309444,17.163769978591436,-6.117870838135816
asset_id,time,open,close,high,low,volume,market_cap,url_shares,unique_url_shares,reddit_posts,reddit_posts_score,reddit_comments,reddit_comments_score,tweets,tweet_spam,tweet_followers,tweet_quotes,tweet_retweets,tweet_replies,tweet_favorites,tweet_sentiment1,tweet_sentiment2,tweet_sentiment3,tweet_sentiment4,tweet_sentiment5,tweet_sentiment_impact1,tweet_sentiment_impact2,tweet_sentiment_impact3,tweet_sentiment_impact4,tweet_sentiment_impact5,social_score,average_sentiment,sentiment_absolute,sentiment_relative,search_average,news,price_score,social_impact_score,correlation_rank,galaxy_score,volatility,alt_rank,alt_rank_30d,alt_rank_hour_average,market_cap_rank,percent_change_24h_rank,volume_24h_rank,social_volume_24h_rank,social_score_24h_rank,medium,youtube,social_contributors,social_volume,price_btc,social_volume_global,social_dominance,market_cap_global,market_dominance,percent_change_24h
2,1631318400,3215.47034346,3273.14158612,3345.07699648,3213.37276465,31773212995.66,381490588137,17514,8012,764,20451,3476,10430,84576,26224,214463343,1697,15067,7303,50328,1813,6601,11009,61488,3665,2101123,16397225,31715379,159175963,5148048,214586133,3.7,3,88,,59,3,4,2.7,67,0.02568752,82,161,129.33,2,1101,4,2,2,3,2,60657,96887,0.07224947929938914,1283585,7.548156140808751,2395352530690,15.926281549342914,1.7343511760967805
asset_id,time,open,close,high,low,volume,market_cap,url_shares,unique_url_shares,reddit_posts,reddit_posts_score,reddit_comments,reddit_comments_score,tweets,tweet_spam,tweet_followers,tweet_quotes,tweet_retweets,tweet_replies,tweet_favorites,tweet_sentiment1,tweet_sentiment2,tweet_sentiment3,tweet_sentiment4,tweet_sentiment5,tweet_sentiment_impact1,tweet_sentiment_impact2,tweet_sentiment_impact3,tweet_sentiment_impact4,tweet_sentiment_impact5,social_score,average_sentiment,sentiment_absolute,sentiment_relative,search_average,news,price_score,social_impact_score,correlation_rank,galaxy_score,volatility,alt_rank,alt_rank_30d,alt_rank_hour_average,market_cap_rank,percent_change_24h_rank,volume_24h_rank,social_volume_24h_rank,social_score_24h_rank,medium,youtube,social_contributors,social_volume,price_btc,social_volume_global,social_dominance,market_cap_global,market_dominance,percent_change_24h
2,1631404800,3273.02475649,3409.22083059,3469.70342547,3251.58962744,32048160537.5,383608395750,14424,7363,635,14603,3481,12273,86135,36385,212990934,1207,19259,8585,59216,1212,8595,12058,61177,3092,2695786,13954629,18174687,168837058,9416078,213120501,3.7,3,87,,37,1.8,3.7,3,60.5,0.01650132,15,51,30.25,2,654,4,2,2,14,,65332,97651,0.07388649226837134,1291692,7.559929147196081,2424088872137,15.824848674455694,4.157450598747521
asset_id,time,open,close,high,low,volume,market_cap,url_shares,unique_url_shares,reddit_posts,reddit_posts_score,reddit_comments,reddit_comments_score,tweets,tweet_spam,tweet_followers,tweet_quotes,tweet_retweets,tweet_replies,tweet_favorites,tweet_sentiment1,tweet_sentiment2,tweet_sentiment3,tweet_sentiment4,tweet_sentiment5,tweet_sentiment_impact1,tweet_sentiment_impact2,tweet_sentiment_impact3,tweet_sentiment_impact4,tweet_sentiment_impact5,social_score,average_sentiment,sentiment_absolute,sentiment_relative,search_average,news,price_score,social_impact_score,correlation_rank,galaxy_score,volatility,alt_rank,alt_rank_30d,alt_rank_hour_average,market_cap_rank,percent_change_24h_rank,volume_24h_rank,social_volume_24h_rank,social_score_24h_rank,medium,youtube,social_contributors,social_volume,price_btc,social_volume_global,social_dominance,market_cap_global,market_dominance,percent_change_24h
2,1631491200,3408.02440138,3287.33230123,3418.35182116,3127.27220877,45547132058.85,399617663169,15803,8872,773,16816,2971,7715,99087,37028,261747341,1268,15640,7615,57911,1391,7846,9086,78295,2469,6711040,30687933,23337747,187761181,13331874,261870109,3.7,3,89,,134,2.8,3.9,3.4,69.5,0.02167854,35,49,86.21,2,1937,4,2,3,7,4,74398,111837,0.07299167476664123,1460664,7.656586319646408,2327971580870,17.165916734243662,-3.575260606949467
asset_id,time,open,close,high,low,volume,market_cap,url_shares,unique_url_shares,reddit_posts,reddit_posts_score,reddit_comments,reddit_comments_score,tweets,tweet_spam,tweet_followers,tweet_quotes,tweet_retweets,tweet_replies,tweet_favorites,tweet_sentiment1,tweet_sentiment2,tweet_sentiment3,tweet_sentiment4,tweet_sentiment5,tweet_sentiment_impact1,tweet_sentiment_impact2,tweet_sentiment_impact3,tweet_sentiment_impact4,tweet_sentiment_impact5,social_score,average_sentiment,sentiment_absolute,sentiment_relative,search_average,news,price_score,social_impact_score,correlation_rank,galaxy_score,volatility,alt_rank,alt_rank_30d,alt_rank_hour_average,market_cap_rank,percent_change_24h_rank,volume_24h_rank,social_volume_24h_rank,social_score_24h_rank,medium,youtube,social_contributors,social_volume,price_btc,social_volume_global,social_dominance,market_cap_global,market_dominance,percent_change_24h
2,1631577600,3289.64425956,3439.62052092,3439.62052092,3289.64425956,32158537644.11,390972588480,20093,9771,909,9675,2982,7976,95990,35284,286597743,2065,24652,9393,84967,1568,8240,9312,72584,4286,3871662,35560497,37998938,191400196,17887527,286756564,3.7,3,89,,145,3.2,4,3,69.5,0.01923449,17,28,44.42,2,816,4,2,2,10,5,70221,109797,0.07284970095021405,1284707,8.546462345110598,2412815637269,16.20399762173836,4.6325775959132365
asset_id,time,open,close,high,low,volume,market_cap,url_shares,unique_url_shares,reddit_posts,reddit_posts_score,reddit_comments,reddit_comments_score,tweets,tweet_spam,tweet_followers,tweet_quotes,tweet_retweets,tweet_replies,tweet_favorites,tweet_sentiment1,tweet_sentiment2,tweet_sentiment3,tweet_sentiment4,tweet_sentiment5,tweet_sentiment_impact1,tweet_sentiment_impact2,tweet_sentiment_impact3,tweet_sentiment_impact4,tweet_sentiment_impact5,social_score,average_sentiment,sentiment_absolute,sentiment_relative,search_average,news,price_score,social_impact_score,correlation_rank,galaxy_score,volatility,alt_rank,alt_rank_30d,alt_rank_hour_average,market_cap_rank,percent_change_24h_rank,volume_24h_rank,social_volume_24h_rank,social_score_24h_rank,medium,youtube,social_contributors,social_volume,price_btc,social_volume_global,social_dominance,market_cap_global,market_dominance,percent_change_24h
2,1631664000,3438.85250152,3614.5276062,3614.5276062,3376.48836199,32124839801.9,400931415969,21809,9542,945,18936,3580,13040,109503,39651,299053554,1503,26344,9243,91268,1611,9120,15679,78976,4117,6546877,24571370,30281394,229758830,8023441,299235697,3.7,3,88,,136,3.3,4.1,3.9,75,0.01773204,30,17,48.29,2,491,4,2,2,13,6,79337,123706,0.07500164059431383,1446014,8.554965581246101,2484592504631,16.136707134941005,5.085069245755545
asset_id,time,open,close,high,low,volume,market_cap,url_shares,unique_url_shares,reddit_posts,reddit_posts_score,reddit_comments,reddit_comments_score,tweets,tweet_spam,tweet_followers,tweet_quotes,tweet_retweets,tweet_replies,tweet_favorites,tweet_sentiment1,tweet_sentiment2,tweet_sentiment3,tweet_sentiment4,tweet_sentiment5,tweet_sentiment_impact1,tweet_sentiment_impact2,tweet_sentiment_impact3,tweet_sentiment_impact4,tweet_sentiment_impact5,social_score,average_sentiment,sentiment_absolute,sentiment_relative,search_average,news,price_score,social_impact_score,correlation_rank,galaxy_score,volatility,alt_rank,alt_rank_30d,alt_rank_hour_average,market_cap_rank,percent_change_24h_rank,volume_24h_rank,social_volume_24h_rank,social_score_24h_rank,medium,youtube,social_contributors,social_volume,price_btc,social_volume_global,social_dominance,market_cap_global,market_dominance,percent_change_24h
2,1631750400,3616.03566865,3576.43550634,3674.33105529,3499.20006767,37400503428.71,421605455994,25028,10342,1073,15019,3539,11708,95479,37078,374439436,1969,22992,7911,85690,1315,9328,10417,70347,4072,4317227,56339272,33186100,257453267,23262132,374609753,3.7,3,87,,148,3,4.1,4,74,0.02576003,9,25,28.21,2,1783,4,2,2,8,4,71805,110581,0.07466429960761294,1367194,8.088171832234488,2464056232935,17.110220552548633,-1.053861085323033
asset_id,time,open,close,high,low,volume,market_cap,url_shares,unique_url_shares,reddit_posts,reddit_posts_score,reddit_comments,reddit_comments_score,tweets,tweet_spam,tweet_followers,tweet_quotes,tweet_retweets,tweet_replies,tweet_favorites,tweet_sentiment1,tweet_sentiment2,tweet_sentiment3,tweet_sentiment4,tweet_sentiment5,tweet_sentiment_impact1,tweet_sentiment_impact2,tweet_sentiment_impact3,tweet_sentiment_impact4,tweet_sentiment_impact5,social_score,average_sentiment,sentiment_absolute,sentiment_relative,search_average,news,price_score,social_impact_score,correlation_rank,galaxy_score,volatility,alt_rank,alt_rank_30d,alt_rank_hour_average,market_cap_rank,percent_change_24h_rank,volume_24h_rank,social_volume_24h_rank,social_score_24h_rank,medium,youtube,social_contributors,social_volume,price_btc,social_volume_global,social_dominance,market_cap_global,market_dominance,percent_change_24h
2,1631836800,3570.51954775,3408.99998226,3590.53235588,3371.012402,31844408860.79,417640578358,22242,9674,884,13836,2751,7032,94994,30504,355121800,1531,25995,8592,80655,1319,10535,14160,65000,3980,6458874,77905906,20728973,240074859,10069961,355281683,3.6,3,85,,112,3.2,3.2,2.6,63,0.01595183,67,43,124.58,2,2255,4,2,2,7,6,68260,108415,0.07183424882706023,1312265,8.261669708481136,2425057392291,17.221884302022502,-4.681631299744805
asset_id,time,open,close,high,low,volume,market_cap,url_shares,unique_url_shares,reddit_posts,reddit_posts_score,reddit_comments,reddit_comments_score,tweets,tweet_spam,tweet_followers,tweet_quotes,tweet_retweets,tweet_replies,tweet_favorites,tweet_sentiment1,tweet_sentiment2,tweet_sentiment3,tweet_sentiment4,tweet_sentiment5,tweet_sentiment_impact1,tweet_sentiment_impact2,tweet_sentiment_impact3,tweet_sentiment_impact4,tweet_sentiment_impact5,social_score,average_sentiment,sentiment_absolute,sentiment_relative,search_average,news,price_score,social_impact_score,correlation_rank,galaxy_score,volatility,alt_rank,alt_rank_30d,alt_rank_hour_average,market_cap_rank,percent_change_24h_rank,volume_24h_rank,social_volume_24h_rank,social_score_24h_rank,medium,youtube,social_contributors,social_volume,price_btc,social_volume_global,social_dominance,market_cap_global,market_dominance,percent_change_24h
2,1631923200,3404.36545936,3439.34507798,3537.00113634,3384.82861897,26398799008.1,400506536522,24811,7893,714,10123,2479,8669,97392,38046,227296701,921,14796,5851,47489,969,11558,12561,66699,5605,3476387,43881017,16923837,157196471,5888046,227409361,3.7,3,85,,38,3,4,2.4,65.5,0.01733428,65,30,122.63,2,1183,4,2,2,9,2,68241,108516,0.07104972370776086,1459858,7.43332570702082,2503675409128,15.996743629857818,0.8901465496600834
asset_id,time,open,close,high,low,volume,market_cap,url_shares,unique_url_shares,reddit_posts,reddit_posts_score,reddit_comments,reddit_comments_score,tweets,tweet_spam,tweet_followers,tweet_quotes,tweet_retweets,tweet_replies,tweet_favorites,tweet_sentiment1,tweet_sentiment2,tweet_sentiment3,tweet_sentiment4,tweet_sentiment5,tweet_sentiment_impact1,tweet_sentiment_impact2,tweet_sentiment_impact3,tweet_sentiment_impact4,tweet_sentiment_impact5,social_score,average_sentiment,sentiment_absolute,sentiment_relative,search_average,news,price_score,social_impact_score,correlation_rank,galaxy_score,volatility,alt_rank,alt_rank_30d,alt_rank_hour_average,market_cap_rank,percent_change_24h_rank,volume_24h_rank,social_volume_24h_rank,social_score_24h_rank,medium,youtube,social_contributors,social_volume,price_btc,social_volume_global,social_dominance,market_cap_global,market_dominance,percent_change_24h
2,1632009600,3439.68757484,3334.36120959,3449.48034739,3290.10639815,25207062553.38,401062139130,22782,8080,1025,7129,2765,6514,92279,50608,242475021,1000,14642,7394,45636,1260,8813,13416,63537,5253,3970620,18523046,17523616,193259806,9266605,242580118,3.7,3,87,,30,3,3.7,2.6,65,0.01349287,127,29,166.67,2,2019,4,2,2,4,,68669,104179,0.07038410935578973,1308172,7.9637081362389655,2442965100018,16.417022868114035,-3.0524377754982197
asset_id,time,open,close,high,low,volume,market_cap,url_shares,unique_url_shares,reddit_posts,reddit_posts_score,reddit_comments,reddit_comments_score,tweets,tweet_spam,tweet_followers,tweet_quotes,tweet_retweets,tweet_replies,tweet_favorites,tweet_sentiment1,tweet_sentiment2,tweet_sentiment3,tweet_sentiment4,tweet_sentiment5,tweet_sentiment_impact1,tweet_sentiment_impact2,tweet_sentiment_impact3,tweet_sentiment_impact4,tweet_sentiment_impact5,social_score,average_sentiment,sentiment_absolute,sentiment_relative,search_average,news,price_score,social_impact_score,correlation_rank,galaxy_score,volatility,alt_rank,alt_rank_30d,alt_rank_hour_average,market_cap_rank,percent_change_24h_rank,volume_24h_rank,social_volume_24h_rank,social_score_24h_rank,medium,youtube,social_contributors,social_volume,price_btc,social_volume_global,social_dominance,market_cap_global,market_dominance,percent_change_24h
2,1632096000,3332.5105752,2983.64106142,3332.5105752,2933.11242341,52550962163.17,386356733192,25240,9819,1106,11877,3965,9607,93017,43429,245455437,859,18937,5811,50575,1547,9427,11105,67613,3324,5170862,71265570,29052616,126828236,13212025,245578343,3.7,3,86,,108,3.2,3.9,2.7,67,0.03181905,27,92,56.42,2,2026,4,2,2,4,6,79012,108015,0.0691688155039847,1380634,7.823579601835099,2206862599736,17.507058810014662,-10.518360973049024
asset_id,time,open,close,high,low,volume,market_cap,url_shares,unique_url_shares,reddit_posts,reddit_posts_score,reddit_comments,reddit_comments_score,tweets,tweet_spam,tweet_followers,tweet_quotes,tweet_retweets,tweet_replies,tweet_favorites,tweet_sentiment1,tweet_sentiment2,tweet_sentiment3,tweet_sentiment4,tweet_sentiment5,tweet_sentiment_impact1,tweet_sentiment_impact2,tweet_sentiment_impact3,tweet_sentiment_impact4,tweet_sentiment_impact5,social_score,average_sentiment,sentiment_absolute,sentiment_relative,search_average,news,price_score,social_impact_score,correlation_rank,galaxy_score,volatility,alt_rank,alt_rank_30d,alt_rank_hour_average,market_cap_rank,percent_change_24h_rank,volume_24h_rank,social_volume_24h_rank,social_score_24h_rank,medium,youtube,social_contributors,social_volume,price_btc,social_volume_global,social_dominance,market_cap_global,market_dominance,percent_change_24h
2,1632182400,2980.78321917,2767.41302915,3082.90774306,2669.17835239,54319003876.59,340634354469,26116,8932,1082,12638,3023,8372,75995,36985,180401043,934,14881,5654,44888,1483,9819,8275,53771,2647,4751696,30462222,19843002,116641482,8768998,180514526,3.6,3,83,,137,3.7,3.9,2.7,68.5,0.03715736,44,93,89.5,2,2169,4,2,3,8,5,63536,89169,0.06785512265205186,1262764,7.061414484416724,2072937289159,16.43244859603046,-7.247119469762585
asset_id,time,open,close,high,low,volume,market_cap,url_shares,unique_url_shares,reddit_posts,reddit_posts_score,reddit_comments,reddit_comments_score,tweets,tweet_spam,tweet_followers,tweet_quotes,tweet_retweets,tweet_replies,tweet_favorites,tweet_sentiment1,tweet_sentiment2,tweet_sentiment3,tweet_sentiment4,tweet_sentiment5,tweet_sentiment_impact1,tweet_sentiment_impact2,tweet_sentiment_impact3,tweet_sentiment_impact4,tweet_sentiment_impact5,social_score,average_sentiment,sentiment_absolute,sentiment_relative,search_average,news,price_score,social_impact_score,correlation_rank,galaxy_score,volatility,alt_rank,alt_rank_30d,alt_rank_hour_average,market_cap_rank,percent_change_24h_rank,volume_24h_rank,social_volume_24h_rank,social_score_24h_rank,medium,youtube,social_contributors,social_volume,price_btc,social_volume_global,social_dominance,market_cap_global,market_dominance,percent_change_24h
2,1632268800,2770.63590108,3083.3138493,3085.89416124,2765.70849941,43208175436.19,326297164353,19283,9003,1127,16261,2588,10627,73812,27904,177312393,1797,19544,7588,62196,1497,7394,14732,46621,3568,9379462,20434126,26738821,113236808,7614301,183259844,3.6,3,85,,138,3,3,2.5,61,0.03293252,44,86,92.54,2,716,3,2,3,3,9,61716,86668,0.07061003559649041,1406159,6.163456621904066,2265646053842,14.401947903542883,11.415022507393042
asset_id,time,open,close,high,low,volume,market_cap,url_shares,unique_url_shares,reddit_posts,reddit_posts_score,reddit_comments,reddit_comments_score,tweets,tweet_spam,tweet_followers,tweet_quotes,tweet_retweets,tweet_replies,tweet_favorites,tweet_sentiment1,tweet_sentiment2,tweet_sentiment3,tweet_sentiment4,tweet_sentiment5,tweet_sentiment_impact1,tweet_sentiment_impact2,tweet_sentiment_impact3,tweet_sentiment_impact4,tweet_sentiment_impact5,social_score,average_sentiment,sentiment_absolute,sentiment_relative,search_average,news,price_score,social_impact_score,correlation_rank,galaxy_score,volatility,alt_rank,alt_rank_30d,alt_rank_hour_average,market_cap_rank,percent_change_24h_rank,volume_24h_rank,social_volume_24h_rank,social_score_24h_rank,medium,youtube,social_contributors,social_volume,price_btc,social_volume_global,social_dominance,market_cap_global,market_dominance,percent_change_24h
2,1632355200,3080.9782806,3156.19185475,3174.78642329,3048.90071411,30656696862.71,359161074399,25655,9598,990,16659,2430,8661,70420,30982,191507770,2319,39192,12026,98704,1073,7005,14522,44465,3355,3266198,26959290,21522949,123393526,16518048,195304475,3.6,3,86,,173,3,4,3.8,72.5,0.03335896,23,80,35.46,2,815,4,2,3,10,3,59080,83611,0.070219291969451,1199741,6.96908749471761,2345224690647,15.314569893084093,2.363625923664735
asset_id,time,open,close,high,low,volume,market_cap,url_shares,unique_url_shares,reddit_posts,reddit_posts_score,reddit_comments,reddit_comments_score,tweets,tweet_spam,tweet_followers,tweet_quotes,tweet_retweets,tweet_replies,tweet_favorites,tweet_sentiment1,tweet_sentiment2,tweet_sentiment3,tweet_sentiment4,tweet_sentiment5,tweet_sentiment_impact1,tweet_sentiment_impact2,tweet_sentiment_impact3,tweet_sentiment_impact4,tweet_sentiment_impact5,social_score,average_sentiment,sentiment_absolute,sentiment_relative,search_average,news,price_score,social_impact_score,correlation_rank,galaxy_score,volatility,alt_rank,alt_rank_30d,alt_rank_hour_average,market_cap_rank,percent_change_24h_rank,volume_24h_rank,social_volume_24h_rank,social_score_24h_rank,medium,youtube,social_contributors,social_volume,price_btc,social_volume_global,social_dominance,market_cap_global,market_dominance,percent_change_24h
2,1632441600,3155.04302931,2935.76565687,3155.04302931,2754.93863622,50743072142.07,368258458208,24583,9439,1000,6842,2005,7497,68455,32234,322307192,2580,28862,12886,89954,1307,6882,9089,47608,3569,13665299,114338854,29672507,154379334,10385480,340812987,3.7,3,86,,146,2.7,3.4,3.1,64.5,0.02658435,64,82,110.79,2,2163,4,2,2,5,6,61526,81045,0.06834428123648546,1131373,7.163420021513684,2241479884485,16.429255544829957,-6.983928988608959
