id,name,replies_count,created_at,retweets_count,tweet,hashtags,language,cashtags,username,likes_count
1465784726334148611,Algorand,5,2021-11-30 20:48:06 UTC,21,Great Day 1 wrap-up of @DecipherEvent by @algo_pulse! Stay tuned for the recap of Day 2 ğŸ™Œ,[],en,[],algorand,168
1465755580681838598,Algorand,28,2021-11-30 18:52:17 UTC,174,.@borderless_cap has announced the launch of its $500M ALGO Fund II! This new fund will focus on investing in digital assets powering the next generation of dApps on top of #Algorand ğŸ‘‰  https://t.co/R2IrTrp74A @AlgoFoundation  https://t.co/A8l0LaoFHG,['algorand'],en,[],algorand,687
1465702743276879876,Algorand,9,2021-11-30 15:22:20 UTC,77,Packed room for Algorand COO @wsford at @DecipherEvent!   Watch live ğŸ‘‰  https://t.co/4c1Z6T0A3n #Decipher  https://t.co/DdOs1bTxOr,['decipher'],en,[],algorand,495
1465676544421081090,Algorand,4,2021-11-30 13:38:13 UTC,22,"2/ As part of our commitment to set the standard for #sustainable blockchain, we are also excited to share that @DecipherEvent is fully carbon neutral! All carbon impacts associated with the event are being offset through the @ClimateTrade marketplace ğŸƒ #greencrypto","['sustainable', 'greencrypto']",en,[],algorand,157
1465676540075814915,Algorand,10,2021-11-30 13:38:12 UTC,84,"1/ @ClimateTrade announced the launch of the Green Treasury, a #blockchain oracle that will enable builders, businesses and investors on the #Algorand platform to instantly offset their carbon footprint on the blockchain ecosystem:  https://t.co/aWNzfVOJGw ğŸŒ±  https://t.co/7dhTBhhbeK","['blockchain', 'algorand']",en,[],algorand,349
1465517825452392456,Algorand,20,2021-11-30 03:07:32 UTC,86,That's a wrap on Day 1 of @DecipherEvent! See you all tomorrow for Day 2 ğŸ™Œ  https://t.co/x7TqAIxMqO,[],en,[],algorand,559
1465438111702388742,Algorand,4,2021-11-29 21:50:47 UTC,88,".@Droneraceleague is bringing to life next-gen fan experiences on #Algorand with the launch of their #NFT marketplace! Check out the #MannyVerse, featuring 13 rare 3D avatars of Algorand 13th Pilot @mannyhimself released with @MetaPunksOG &amp; @RocketInsights at #Decipher today.  https://t.co/2Zhfqdhag2","['algorand', 'nft', 'mannyverse', 'decipher']",en,[],algorand,336
1465427906004455426,Algorand,6,2021-11-29 21:10:13 UTC,68,"""@Dequency_io has executed the first-ever music synchronization license smart contract on the Algorand blockchain!"" - @KeatlyKHZ   Live at #Decipher ğŸ‘‰  https://t.co/4c1Z6SIZbP  https://t.co/Q34AZjNyTv",['decipher'],en,[],algorand,327
1465403341979242509,Algorand,18,2021-11-29 19:32:37 UTC,149,"â€œThe launch of Hivemindâ€™s venture represents an exciting new milestone in serious players entering the #Algorand &amp; broader blockchain ecosystem. Hivemind will change the way organizations are using blockchain to transform businesses"" - @wsford  Read more ğŸ‘‡ https://t.co/QGls98zprM",['algorand'],en,[],algorand,554
1465393437553958918,Algorand,24,2021-11-29 18:53:15 UTC,154,"UNLOX announced they are leveraging the #Algorand blockchain to launch 5 new future-of-finance marketplaces! This groundbreaking initiative will bring millions of customers, transaction volume and value on-chain ğŸ‘‰  https://t.co/pexvMYDjVq @SkyBridge @NAXGRP  https://t.co/YGGeObCE1K",['algorand'],en,[],algorand,555
1465347993767497735,Algorand,4,2021-11-29 15:52:41 UTC,64,"""Our focus here is continual advancement and taking advantage of our unique protocol capabilities. We are focused on building the best execution environment and programming model possible for our developers."" - @paulriegle  ğŸ“º  https://t.co/4c1Z6SIZbP #Decipher  https://t.co/aPccTBOfr6",['decipher'],en,[],algorand,306
1465343099786436608,Algorand,19,2021-11-29 15:33:14 UTC,119,Standing room only for @silviomicali at @DecipherEvent! Watch our Founder live ğŸ‘‰  https://t.co/4c1Z6SIZbP #Decipher  https://t.co/K8DJtccnoH,['decipher'],en,[],algorand,625
1465335044986314752,Algorand,19,2021-11-29 15:01:13 UTC,114,Big News from @FrancisSuarez: @PlanetWatchsas has selected Miami as the first major U.S. city for deployment of their air quality sensors ğŸƒğŸŒ±,[],en,[],algorand,593
1465332008729600007,Algorand,23,2021-11-29 14:49:10 UTC,101,"We are now LIVE at @DecipherEvent in Miami! November 29 - 30, leaders from across the Algorand ecosystem come together to #Decipher the future on Algorand.   Watch the livestream ğŸ‘‰  https://t.co/4c1Z6SIZbP  https://t.co/t3ncWDNKsd",['decipher'],en,[],algorand,410
1465312107147182083,Algorand,13,2021-11-29 13:30:05 UTC,54,T-1 hour until Mayor @FrancisSuarez takes the stage to kick off @DecipherEvent!   Not in Miami? Join the livestream ğŸ‘‰  https://t.co/1NTzFSVwVB #Decipher  https://t.co/hEBUFinvQZ,['decipher'],en,[],algorand,252
1465298165498880001,Algorand,20,2021-11-29 12:34:41 UTC,142,".@Algomint_io has launched, enabling interoperability with a gateway bridge between the Bitcoin and Ethereum networks and Algorand! BTC &amp; ETH users will now experience the speed, scalability and low cost of all transactions on the Algorand blockchain ğŸ‘‡  https://t.co/HlRTKmXhGY",[],en,[],algorand,580
1465290691811155973,Algorand,23,2021-11-29 12:04:59 UTC,69,"Gm Miami. Ready for @DecipherEvent? Doors open at 8am, see you soon ğŸ˜ #Decipher  https://t.co/J3yp5cKo53",['decipher'],en,[],algorand,511
1465280425237041152,Algorand,2,2021-11-29 11:24:11 UTC,40,.@AlgoFoundation is pioneering #DeFi 2.0 with Algo Option Vaults on @ThetaNuts!,['defi'],en,[],algorand,218
1464618778910674948,Algorand,20,2021-11-27 15:35:02 UTC,90,".@DecipherEvent kicks off in 2 days!  ğŸ“¢ Reminder to all attendees joining us live in Miami: Make sure to collect your unique #AlgoGator NFT ticket. At the door, you will be asked to show proof of your asset within your Algorand Wallet. #Decipher  https://t.co/eQBxR3lxiI","['algogator', 'decipher']",en,[],algorand,400
1464311751848120321,Algorand,13,2021-11-26 19:15:01 UTC,71,"ICYMI: @borderless_cap announced the closing of their $10M  https://t.co/Lk1WAuNdx3 focused on @PlanetWatchsas, a decentralized global air quality monitoring network on the #Algorand blockchain. Read more ğŸ‘‡  https://t.co/G1qAptFCWO",['algorand'],en,[],algorand,306
1464258711568850947,Algorand,3,2021-11-26 15:44:16 UTC,0,"@JohnMizzoni Good catch! This is just one of many of our prototypes, but youâ€™re absolutely right. We posted a version with an ETH looking address as we explore how different ways of shortening the Algorand addresses look at the top of the page (capitalization, ellipses, etc.)",[],en,[],algorand,40
1464233743904878603,Algorand,129,2021-11-26 14:05:03 UTC,256,Enjoy this sneak peek prototype of whatâ€™s coming next to the official Algorand Wallet ğŸ‘€  Which #NFT are you most excited to show off? Comment below ğŸ‘‡  https://t.co/MK6a1isehn,['nft'],en,[],algorand,1051
1463998444675211265,Algorand,4,2021-11-25 22:30:03 UTC,45,"On Dec 2nd, @500GlobalVC will be hosting #PreMoney2021 in Miami! Featuring established leaders in private markets &amp; beyond, conversations will focus on optimizing investment, value creation &amp; more.    Request an invite:  https://t.co/aCx60CZhc4 Get 10% off:  https://t.co/Zx2STkZSgz  https://t.co/SdcOQ72mdc",['premoney2021'],en,[],algorand,234
1463953144195473413,Algorand,1,2021-11-25 19:30:03 UTC,46,ICYMI: @C3protocol is leveraging #Algorand technology to bring cross-chain collateral management to #DeFi. Read more via @CoinDesk ğŸ‘‡  https://t.co/7yAMwjxqc9,"['algorand', 'defi']",en,[],algorand,248
1463903064134492161,Algorand,35,2021-11-25 16:11:03 UTC,104,4 days to go. Who are you most excited to hear from at @DecipherEvent?   See the all-star speaker lineup ğŸ‘‰  https://t.co/66Jjt14bVG #Decipher  https://t.co/X8QzzC14mR,['decipher'],en,[],algorand,495
1463235210779189249,Algorand,8,2021-11-23 19:57:14 UTC,49,Starting in a couple minutes! @sendwyre takes over Algorand's #developer office hour to walk through how to integrate their APIs into the #Algorand protocol for an all-in-one payment solution ğŸ‘‰  https://t.co/yozf4RWZfl?  https://t.co/CElICYITPS,"['developer', 'algorand']",en,[],algorand,272
1463173900507000838,Algorand,3,2021-11-23 15:53:36 UTC,32,TODAY at 3pm EST! @sendwyre takes over developer office hours to talk about their newest integration with Algorand. Sign up now ğŸ‘‰  https://t.co/b45SG4ELBH,[],en,[],algorand,203
1463148150873542670,Algorand,9,2021-11-23 14:11:17 UTC,54,"Happening now: Tune in to @FutureofFinanc3â€™s webinar on Central Bank Digital Currency! @AlgoFoundationâ€™s Co-Pierre Georg is joined by key leaders from @OECD, @bankofengland, @inside_r3 and @BittGlobal ğŸ‘‰  https://t.co/NKEn5sQjPA #CBDC  https://t.co/Un2RgkYXa3",['cbdc'],en,[],algorand,272
1462866778040590336,Algorand,4,2021-11-22 19:33:13 UTC,51,Now LIVE! Quickly &amp; easily deploy @sendwyre's robust &amp; simple to integrate APIs ğŸ™Œ,[],en,[],algorand,283
1462806169659981829,Algorand,390,2021-11-22 15:32:23 UTC,475,"With 1 week to go until #Decipher, itâ€™s giveaway time!  1âƒ£ Retweet this 2âƒ£ Follow @DecipherEvent 3âƒ£ Reply to this tweet with what youâ€™re looking forward to the most 4âƒ£ Fill out this form:  https://t.co/YbA5Ck4Fvz  After 24 hours, 3 winners will be selected and sent a gift box ğŸ‰  https://t.co/5xBNqWqGqD",['decipher'],en,[],algorand,715
1462528364762353666,Algorand,8,2021-11-21 21:08:29 UTC,72,The LoveChain has kicked off their first #NFT competition! Find out how you can participate ğŸ‘‡ #NFTLove,"['nft', 'nftlove']",en,[],algorand,284
1462084580362625026,Algorand,11,2021-11-20 15:45:02 UTC,51,"ICYMI: Limited tickets for the Hollywood film premiere of â€œThe Elevatorâ€ including a Meet and Greet with the cast were sold as #NFTs on @Abris_io, an NFT marketplace built on Algorand. Read more ğŸ‘‰  https://t.co/M2mTkxpjJU  https://t.co/E710h36gdi",['nfts'],en,[],algorand,273
1461810272302157829,Algorand,16,2021-11-19 21:35:02 UTC,71,ICYMI: @ClimateTrade is teaming up with @RealMontyAllen to release a Certified Carbon-Negative #NFT Series on the #Algorand blockchain! Check out the initial series before it drops on @RandGallery tomorrow morning ğŸ‘‰  https://t.co/GtnM4ow8H4  https://t.co/R1FZ95Whsf,"['nft', 'algorand']",en,[],algorand,236
1461793543148691459,Algorand,6,2021-11-19 20:28:34 UTC,60,"Game developers: this new solution walks through how to use Algo Builder, #PyTeal and @reactjs to build player authentication into your next #gaming dApp. Check it out ğŸ‘‰  https://t.co/tbJf7420oF","['pyteal', 'gaming']",en,[],algorand,236
1461726056075902979,Algorand,14,2021-11-19 16:00:23 UTC,111,Only 10 days until @DecipherEvent ğŸš€,[],en,[],algorand,470
1461696041317810179,Algorand,8,2021-11-19 14:01:07 UTC,80,.@epioneergo is building the worldâ€™s first NetZero climate wallet powered by #Algorand ğŸƒğŸŒ±,['algorand'],en,[],algorand,381
1461426063192440832,Algorand,3,2021-11-18 20:08:20 UTC,9,"5/ Lastly, big thank you to @al_goanna, @AlgoKittens @WaferFinance and Ink Hunter for making this all happen! Explore the entire collection ğŸ‘‰  https://t.co/4Jyjybsx9l   Learn more here ğŸ‘‰  https://t.co/pNIvApQvYx",[],en,[],algorand,77
1461426060424142850,Algorand,7,2021-11-18 20:08:19 UTC,16,4/ @DecipherEvent Virtual VIPs  â€” we havenâ€™t forgotten about you! Stay tuned for a forthcoming email on how to claim your Algo Gator #NFT for #Decipher ğŸ‘€  https://t.co/IQZ7fQq2eg,"['nft', 'decipher']",en,[],algorand,120
1461426055890104320,Algorand,1,2021-11-18 20:08:18 UTC,6,"3/ With Algorandâ€™s commitment to #sustainable blockchain, the Algo Gators will also support @carbonneutralAUâ€™s plant-a-tree Conservation Program in Australia ğŸŒ³  10 trees will be planted for each #AlgoGator â€” that's 8,880 trees in total!  https://t.co/J7TNtKWNYt","['sustainable', 'algogator']",en,[],algorand,50
1461426051393855488,Algorand,1,2021-11-18 20:08:17 UTC,4,2/ Each #AlgoGator is a randomly generated 1/1 #NFT.  No two Algo Gators are the same â€” each has a unique set of traits (some rarer than others) which make them each special ğŸŠ  https://t.co/OrmfrI9HxP,"['algogator', 'nft']",en,[],algorand,44
1461426046390050816,Algorand,15,2021-11-18 20:08:16 UTC,57,"1/ You may have noticed that #AlgoGator #NFTs have officially joined @DecipherEvent! Created in collaboration with @al_goanna, the first 444 Algo Gators will be used as tickets for those attending LIVE in Miami ğŸŒ´  https://t.co/0ha3sBK6OI","['algogator', 'nfts']",en,[],algorand,317
1461381019240583170,Algorand,38,2021-11-18 17:09:20 UTC,237,Proud to have @ClimateTrade as our partner! #greencrypto ğŸƒ,['greencrypto'],en,[],algorand,561
1461356754164273163,Algorand,6,2021-11-18 15:32:55 UTC,44,"Earlier today, @AlgoFoundation's Co-Pierre Georg was joined by key leaders from @SDX_global, @BNYMellon and @OMFIF to examine the challenges that the digital assets landscape is facing as it evolves.  Register to watch the replay on demand ğŸ‘‰  https://t.co/MGKLCygua0  https://t.co/zQeM78CmG3",[],en,[],algorand,301
1461085499679035396,Algorand,6,2021-11-17 21:35:03 UTC,49,"Have you grabbed your virtual ticket yet for #Decipher? Tickets are flying fast for Algorandâ€™s inaugural two-day experience in Miami. Save your spot to hear from speakers like @adikmishra, CEO of @XTZ_ESPORTS ğŸ‘‰  https://t.co/tBcaC2oULP  https://t.co/RaDmHFHx8Y",['decipher'],en,[],algorand,234
1461052618097127425,Algorand,5,2021-11-17 19:24:23 UTC,48,"Exhibitions by @VSCO is now LIVE! Built on the #Algorand blockchain, Exhibitions is the first highly-curated #NFT venue of its kind â€” featuring digital art from and for the worldâ€™s best curators, creators &amp; collectors ğŸ‘‰  https://t.co/L6mL9WmxDD @plaza__computer  https://t.co/xG2s7b2T4i","['algorand', 'nft']",en,[],algorand,252
1461004477503209473,Algorand,2,2021-11-17 16:13:06 UTC,45,A new suite of #Algorand analytics are now live at @intotheblock ğŸ”¥,['algorand'],en,[],algorand,243
1460993396164546560,Algorand,14,2021-11-17 15:29:04 UTC,156,"Welcome to the #Algorand ecosystem, @Exberry3!",['algorand'],en,[],algorand,474
1460731739395932161,Algorand,13,2021-11-16 22:09:20 UTC,80,The first-ever Hollywood Premier tickets have been sold as #NFTs on @Abris_io ğŸ¥ğŸ¿,['nfts'],en,[],algorand,351
1460652647632064530,Algorand,3,2021-11-16 16:55:03 UTC,26,"Starting in 5 minutes â€” @DeptAgency takes over Algorandâ€™s developer office hour to give a live demo of AlgoMart, the first ever white-label, open source platform for creating your brandâ€™s own #NFTÂ marketplace. Join now ğŸ‘‰  https://t.co/R70A6XFqYw  https://t.co/0dqgfOkksa",['nft'],en,[],algorand,182
1460636611788480518,Algorand,17,2021-11-16 15:51:20 UTC,68,This weekâ€™s guest on The Future on Algorand series is @FortiorB!  Tune in to hear @KeliCallaghan and the Co-founders of Fortior Blockchain discuss how they are leveraging AI and blockchain to build a #decentralized voting system.  ğŸ“º Watch the full video:  https://t.co/OxwjBfD5y4  https://t.co/7JEQxmHZLc,['decentralized'],en,[],algorand,259
1460323030958178307,Algorand,12,2021-11-15 19:05:16 UTC,72,"Congrats to @lofty_ai on their 50th tokenized property launch! Lofty AIâ€™s model allows anyone to become a direct owner in real estate, made possible by their blockchain-based solution on #Algorand.   Check out the available properties ğŸ‘‰  https://t.co/IcabAWrahK",['algorand'],en,[],algorand,369
1460289351397490693,Algorand,88,2021-11-15 16:51:26 UTC,94,Sneak peek at whatâ€™s coming ğŸ‘€  Any guesses? #Decipher @al_goanna  https://t.co/wbGC1T692D,['decipher'],en,[],algorand,622
1460276216225689602,Algorand,7,2021-11-15 15:59:15 UTC,50,Speed through neon-lit courses and become a top pilot in @DroneRaceLeagueâ€™s first-ever mobile game ğŸš€,[],en,[],algorand,241
1460247482659753988,Algorand,6,2021-11-15 14:05:04 UTC,58,"Tomorrow afternoon, @DeptAgency will be guest speakers at Algorandâ€™s #developer office hour! This session will feature a live demo of AlgoMart, the first white-label open source platform for creating your own #NFT marketplace.   Save your spot now ğŸ‘‰  https://t.co/b45SG4ELBH  https://t.co/NKYPeaewa0","['developer', 'nft']",en,[],algorand,249
1460007215427956742,Algorand,13,2021-11-14 22:10:20 UTC,79,"ICYMI: @VSCO has entered the #NFT space with Exhibitions, the newest NFT experience built on #Algorandâ€™s carbon-negative blockchain. Featured below, Superposition by John Burgess has already sold!  See what else is available:  https://t.co/otkdTzqPqr ğŸ”‘ Password: withhonor  https://t.co/7RVb6UDnHF","['nft', 'algorand']",en,[],algorand,303
1459600714158718984,Algorand,12,2021-11-13 19:15:02 UTC,58,"Donâ€™t miss the live demo from @DeptAgency on November 16th! They will be covering the core features of their white-label #NFT marketplace platform, including the @circlepay integration, 3D pack opening and user onboarding.   Save your spot here ğŸ‘‰  https://t.co/b45SG4ELBH  https://t.co/z1koOpw2lT",['nft'],en,[],algorand,264
1459196719640371206,Algorand,26,2021-11-12 16:29:43 UTC,141,"Excited to welcome @LiquidVineyard to the Algorand ecosystem as they leverage blockchain to disrupt the global wine market! The #Algorand-powered platform will connect investors &amp; wine producers, enabling anyone to purchase the rights to their own vines ğŸ‘‰  https://t.co/xKBccu13TN  https://t.co/o9MlU88D6x",['algorand'],en,[],algorand,574
1458911170325274628,Algorand,7,2021-11-11 21:35:02 UTC,63,"Join our next #developer office hour on Tuesday, November 16th for a session featuring AlgoMart! @DeptAgency will be giving a live demo of the first ever white-label open source platform for creating your brandâ€™s own #NFT marketplace.   Sign up here ğŸ‘‰  https://t.co/b45SG4ELBH  https://t.co/YuxcraUbwI","['developer', 'nft']",en,[],algorand,272
1458875088997019653,Algorand,8,2021-11-11 19:11:40 UTC,35,.@algofiorg is looking for a talented product manager to join their team! Learn more about what they are building ğŸ‘‰  https://t.co/Jm2XOPrSvw,[],en,[],algorand,204
1458849535170695172,Algorand,8,2021-11-11 17:30:07 UTC,52,#AlgoFam: What do you think of Exhibitions by @VSCO? The #Algorand community has been given special early access to this highly-curated #NFT venue before it opens on November 16th ğŸ‘‰  https://t.co/otkdTzqPqr  ğŸ”‘ Password: withhonor  https://t.co/yqIEPX6aNj,"['algofam', 'algorand', 'nft']",en,[],algorand,237
1458815263080652802,Algorand,6,2021-11-11 15:13:56 UTC,35,"ğŸ“¢ New Speaker! @KeatlyKHZ, CEO of @RiptideMusicGRP &amp; @Dequency_io will be joining us live at #Decipher in Miami. Don't miss your chance to tune in â€” register for Algorand's inaugural event today ğŸ‘‰  https://t.co/tBcaC2oULP  https://t.co/wgwSH5PkoA",['decipher'],en,[],algorand,172
1458615483171848192,Algorand,17,2021-11-11 02:00:05 UTC,53,"Starting in 1 hour @sgfintechfest! Donâ€™t miss the virtual panel on #DeFi application and adoption. @silviomicali will be joined by @ASvanevik (@nansen_ai), @loi_luu (@KyberNetwork), @vijay_chetty (@dydxprotocol) and @dariussitzl (@QCPCapital).  https://t.co/nArxfoVoXg #SFF2021  https://t.co/cWzmPDpJLE","['defi', 'sff2021']",en,[],algorand,288
1458550276814622720,Algorand,5,2021-11-10 21:40:59 UTC,55,Excited to see @blocsport1 build an #NFT marketplace launchpad on Algorand for athletes &amp; sports fans ğŸ™Œ,['nft'],en,[],algorand,244
1458524972251484173,Algorand,6,2021-11-10 20:00:26 UTC,44,"â€œ@WatrFoundationâ€™s vision to enable a commodities market that is grounded in transparency, environmental responsibility &amp; activism by all participants is aligned with #Algorandâ€™s leadership as a carbon-negative networkâ€ - @wsford  More on our recent news ğŸ‘‡ https://t.co/unl9a3x7wM",['algorand'],en,[],algorand,224
1458438076288704512,Algorand,1,2021-11-10 14:15:08 UTC,20,Only 15 minutes away! Join the third webinar of the #INNOVATE Global Hackathon for a deep dive on Algorand Smart Contracts by @JasonWeathersby. @reachlang CTO @jeapostrophe will also be joining at 10:30am EST.  Tune in here ğŸ‘‰  https://t.co/CNVX33vc57  https://t.co/GzInVunvhV,['innovate'],en,[],algorand,121
1458198373899673606,Algorand,13,2021-11-09 22:22:39 UTC,71,Learn how to build a payroll management #dApp! This solution explains how to build an Android payroll dApp using Atomic Transfers and Algorand Smart Contracts ğŸ‘‰  https://t.co/zm9q86V9JW,['dapp'],en,[],algorand,360
1458143151764512773,Algorand,5,2021-11-09 18:43:13 UTC,51,"Only 20 days away! #Decipher will feature both high-level and hands-on programming that will highlight many companies and case studies within the thriving #Algorand ecosystem. Register now to hear from leaders like @waichi3, VP of Product @circlepay ğŸ‘‰  https://t.co/tBcaC2oULP  https://t.co/qCXrj9rBqN","['decipher', 'algorand']",en,[],algorand,248
1458105305988952071,Algorand,14,2021-11-09 16:12:49 UTC,123,"Exhibitions by @VSCO is the newest #NFT experience built on the Algorand blockchain! Early access to digital art from and for the worldâ€™s best Curators, Creators &amp; Collectors are available to the Algorand community starting today.    https://t.co/otkdTz9e1R ğŸ”‘ Password: withhonor  https://t.co/woWeIz0grg",['nft'],en,[],algorand,473
1458079810035519496,Algorand,5,2021-11-09 14:31:31 UTC,26,"Starting now! Join the second webinar of the #INNOVATE Global Hackathon for a session led by @ryanRfox on the 4 Aâ€™s of #Algorand  â€” Accounts, Assets, Atomic Transactions and Applications.  Tune in here ğŸ‘‰  https://t.co/l6pAECUQOr  https://t.co/vesbdd0FYf","['innovate', 'algorand']",en,[],algorand,161
1457834070189256709,Algorand,23,2021-11-08 22:15:02 UTC,105,"With gaming on the rise in the Middle East, @XTZ_ESPORTS has launched a #gamefi ecosystem on Algorand that will allow gamers of all levels accumulate winnings by going up against participants from around the world. Read more via @arabnews ğŸ‘‰  https://t.co/8fC8z9F27a @adikmishra",['gamefi'],en,[],algorand,428
1457795497217777665,Algorand,4,2021-11-08 19:41:45 UTC,59,A new way to mint your music &amp; art as #NFTs on Algorand! Check out @thegifeconomy1 ğŸ‘‡,['nfts'],en,[],algorand,295
1457765674105950213,Algorand,6,2021-11-08 17:43:15 UTC,98,".@WatrFoundation announced they will leverage a sovereign instance of #Algorand to launch a blockchain ecosystem for sustainable commodities! Set to go live in early 2022, Watr will use verified identity to bring greater transparency to the $5T industry ğŸ‘‡  https://t.co/n8s9YRTeZ5",['algorand'],en,[],algorand,405
1457714536484593668,Algorand,11,2021-11-08 14:20:03 UTC,40,Want to learn how to build on blockchain? Join us in 10 minutes for the first webinar of the #INNOVATE Global Hackathon! @RussFustino will walk through blockchain basics as well as how to get started with our developer tools.  Tune in here ğŸ‘‰  https://t.co/dxtrdbKtxS  https://t.co/dlJDYmzfoy,['innovate'],en,[],algorand,216
1457368147980341251,Algorand,8,2021-11-07 15:23:37 UTC,94,"Great article in @FastCompany on why brands are looking to #NFTs to deepen their engagement with customers! @DeptAgency's new platform helps brands streamline the launch of their own NFT marketplace, highlighted here ğŸ‘‡  https://t.co/dsG3qWlMb9",['nfts'],en,[],algorand,394
1456992440930521088,Algorand,8,2021-11-06 14:30:42 UTC,80,"Whatâ€™s new on Algorand? #Decipher is coming, @DeptAgency launched the first-ever open source platform for creating an #NFT marketplace on Algorand, @shopping_io announced a major integration &amp; much more.  See the recap ğŸ‘‰  https://t.co/ptMY8CK06h  https://t.co/Gteku5xkkl","['decipher', 'nft']",en,[],algorand,418
1456691008213700610,Algorand,6,2021-11-05 18:32:55 UTC,42,Behind the scenes with @RussFustino &amp; @reachlang at Florida Blockchain Summit today ğŸ‘‡,[],en,[],algorand,203
1456680205217505286,Algorand,1,2021-11-05 17:49:59 UTC,1,@AppBlockchain We're so excited to have you as a sponsor of #Decipher ğŸ™Œ,['decipher'],en,[],algorand,3
1456642713634283522,Algorand,11,2021-11-05 15:21:00 UTC,93,"Are you attending @sgfintechfest next week? Algorand Founder @silviomicali will be participating in a #DeFi panel discussion alongside @ASvanevik, @loi_luu, @vijay_chetty and @dariussitzl.   Get your digital pass here ğŸ‘‰  https://t.co/nArxfoDNyG #SFF2021  https://t.co/LKj3WQ8A4F","['defi', 'sff2021']",en,[],algorand,381
1456297645975109632,Algorand,4,2021-11-04 16:29:50 UTC,37,"Don't miss hearing from @AMcDougall_SC, President of @stablecorp, at #Decipher this fall! In-person tickets are sold out but thereâ€™s still an opportunity to attend virtually. Register for Algorandâ€™s inaugural two-day experience today ğŸ‘‰  https://t.co/tBcaC27jnf  https://t.co/Ds2RrYK1Hs",['decipher'],en,[],algorand,157
1456254768762941440,Algorand,11,2021-11-04 13:39:27 UTC,62,Don't miss @opulousapp &amp; @joinrepublic's first Music #NFT drop ğŸ‘‡,['nft'],en,[],algorand,301
1455966413219250176,Algorand,15,2021-11-03 18:33:38 UTC,184,"#AlgoFam: a new integration with @shopping_io will enable you to use $ALGO to order from major #eCommerce sites like @amazon, @Walmart, @eBay &amp; @Etsy!","['algofam', 'ecommerce']",en,['algo'],algorand,588
1455933698033942532,Algorand,1,2021-11-03 16:23:38 UTC,16,Read the full transcript of Silvio's remarks ğŸ‘‰  https://t.co/4jcLtfvdA5,[],en,[],algorand,76
1455926057807200258,Algorand,13,2021-11-03 15:53:16 UTC,115,Algorand Founder @silviomicali participates in CONSOBâ€™s @g20org event and shares his thoughts on blockchain advancement! Watch the video clips of his remarks:  ğŸ’¬  https://t.co/Za4xl0JHYk  ğŸ’¬  https://t.co/3ntIrjRFu8  #G20RomeSummit #G20Italy #G20  https://t.co/oi4JnCqKg8,"['g20romesummit', 'g20italy', 'g20']",en,[],algorand,461
1455896186007732225,Algorand,3,2021-11-03 13:54:34 UTC,70,"ATTN brands looking to enter the #NFT space: @DeptAgency has made it easier with their new platform AlgoMart! Built on #Algorand, AlgoMart removes the complexity around launching an NFT marketplace by offering modular tools, integrated payments &amp; more ğŸ‘‰  https://t.co/0ryRqDJLsx  https://t.co/GB5H5rd2G5","['nft', 'algorand']",en,[],algorand,305
1455700301889957894,Algorand,12,2021-11-03 00:56:12 UTC,52,Happening LIVE at the NFT 101 Party @NFT_NYC: Stacy Figueroa has minted her first #NFT on the #Algorand blockchain! Check out her artwork of a 1956 Corvette on @AB2_Gallery ğŸ‘‰  https://t.co/sVTNHi7Ipc  https://t.co/dnUUfoyOas,"['nft', 'algorand']",en,[],algorand,265
1455670981364617222,Algorand,7,2021-11-02 22:59:41 UTC,50,Full house tonight at the NFT 101 Party @NFT_NYC ğŸ¥³  Interested in minting your own #NFT on Algorand? See  https://t.co/wUQXGSjIKI for more info  https://t.co/ZnxD1zLM0d,['nft'],en,[],algorand,283
1455615385349201922,Algorand,3,2021-11-02 19:18:46 UTC,43,"We are excited to announce @rv_inc as a sponsor of #Decipher! Be sure to catch Musab Alturki, Senior Research Engineer at Runtime Verification, in @thelabmiami for his workshop on best practices for a blockchain audit.  Virtual tickets still available ğŸ‘‰  https://t.co/tBcaC27jnf  https://t.co/qPsHiibBEr",['decipher'],en,[],algorand,207
1455323495211184140,Algorand,4,2021-11-01 23:58:54 UTC,26,@silviomicali @elonmusk @DrEliDavid Indeed!,[],en,[],algorand,279
1455288469165543424,Algorand,11,2021-11-01 21:39:43 UTC,65,"Congratulations to all teams at #SBHACK21 and a BIG shoutout to all the innovative solutions built on #Algorand:  ğŸ¥‡ Team CM2P, SwiFi ğŸ¥ˆ Team algo-bossard ğŸ¥‰ Team SolarChain, SolarCoin ğŸ… Team Ascertify  See the full list of winners ğŸ‘‰  https://t.co/z6Q1ngoboK  https://t.co/rg583x4cMc","['sbhack21', 'algorand']",en,[],algorand,318
1455203442675240961,Algorand,17,2021-11-01 16:01:51 UTC,92,The greenest team in @FIAFormulaE has partnered with the greenest blockchain ğŸï¸ğŸƒğŸŒ±  See more on @Envision_Racing's latest news with @AlgoFoundation ğŸ‘‰  https://t.co/7z4uHMGCRz #greencrypto,['greencrypto'],en,[],algorand,413
1455184005196759046,Algorand,7,2021-11-01 14:44:37 UTC,68,Looking forward to the launch of @exafinanceâ€™s peer-to-peer multi-asset exchange on #Algorand! Testnet coming soon ğŸ™Œ,['algorand'],en,[],algorand,305
1455163863981248514,Algorand,6,2021-11-01 13:24:35 UTC,47,"Join the INNOVATE Global Hackathon! A fully virtual experience, bringing thousands of developers together to explore, learn &amp; build useful applications on #Algorand and compete for $100,000 worth of prizes.   Register now ğŸ‘‰  https://t.co/dK0N34fuR2 @HackerEarth  https://t.co/aXOJsFs6tE",['algorand'],en,[],algorand,171
1454941995579817986,Algorand,4,2021-10-31 22:42:57 UTC,24,Get your questions answered live by Algorand COO @wsford ğŸ‘‡,[],en,[],algorand,203
1454476843315339266,Algorand,7,2021-10-30 15:54:36 UTC,56,"#Decipher is just 1 month away! Coinciding with Miami Art Week, you donâ€™t want to miss Algorandâ€™s inaugural event featuring leaders like @jonaslamis, the Founder &amp; CEO of @stakerdao.  Grab your virtual ticket today ğŸ‘‰  https://t.co/tBcaC2oULP  https://t.co/lUeAV6u4Gw",['decipher'],en,[],algorand,257
1454095684399878148,Algorand,4,2021-10-29 14:40:01 UTC,42,"Final weekend of #SBHACK21 has kicked off! If youâ€™re participating in Zurich, be sure to find @ryanRfox by the #Algorand booth. Best solutions built on Algorand will claim a share of over $20k in prizes ğŸ†  Good luck to those online &amp; in Switzerland ğŸ‘‰  https://t.co/T4mMV8S9XV  https://t.co/GYdHdI4JFB","['sbhack21', 'algorand']",en,[],algorand,266
1453820585931272195,Algorand,8,2021-10-28 20:26:53 UTC,48,"Our next guest on The Future on Algorand series is @algofiorg!  @AlexaJaccarino chatted with Algofi Co-founders @jaclarke__ &amp; @OwenColegrove about how Algofi is reimagining banking, why they chose Algorand and much more.  ğŸ“º Watch the full video:  https://t.co/8ztTXSbMlx  https://t.co/7Awx8sLi1Y",[],en,[],algorand,214
1453784149215547393,Algorand,15,2021-10-28 18:02:05 UTC,80,"Excited to announce our involvement in @Whartonâ€™s flagship online program: Economics of Blockchain and Digital Assets! Complete with 50+ lecture videos, 7 industry case studies and much more.  Register &amp; learn more ğŸ‘‰  https://t.co/ACUC1ycklb #WHARTONBLOCKCHAIN",['whartonblockchain'],en,[],algorand,308
1453749426619654145,Algorand,1,2021-10-28 15:44:07 UTC,44,"ğŸ“¢ New Speaker! @jaclarke__, Co-founder of @algofiorg will be joining us live at #Decipher in Miami. Don't miss your chance to tune in â€” register for Algorand's inaugural event today ğŸ‘‰  https://t.co/tBcaC2oULP  https://t.co/rJ2jJSogDF",['decipher'],en,[],algorand,218
1453510837503553539,Algorand,4,2021-10-27 23:56:03 UTC,44,5 minutes til takeoff. Tune in on NBCSN and Twitter ğŸš€,[],en,[],algorand,267
1453449241095983107,Algorand,8,2021-10-27 19:51:17 UTC,51,Proud to be part of the growing #blockchain community here in #Boston! Take a look at the results from this recent @BosBizJournal survey and find out why Boston has all the ingredients to become a global hub for blockchain innovation ğŸ‘€  https://t.co/hJkI2GtnWC,"['blockchain', 'boston']",en,[],algorand,250
1453389785700122628,Algorand,2,2021-10-27 15:55:02 UTC,40,New to #blockchain development? This blog gives developers an overview of the #Algorand blockchain and provides tips &amp; guidance on how to get started building ğŸ‘‰  https://t.co/fAlXkELw5k,"['blockchain', 'algorand']",en,[],algorand,192
1453364916249788425,Algorand,1,2021-10-27 14:16:12 UTC,37,The first-ever Algorand 13th Pilot in the @DroneRaceLeague will be flying at @FedExForum tonight! Go @Mannyhimself ğŸ™Œ,[],en,[],algorand,204
1453123449358934018,Algorand,10,2021-10-26 22:16:42 UTC,62,Get ready. @DroneRaceLeague takes off at @FedexForum for the first time tomorrow night ğŸš€,[],en,[],algorand,318
1453093020191002629,Algorand,7,2021-10-26 20:15:47 UTC,89,Congratulations to Crimson Digital Capital on the launch of their new #Algorand fund ğŸ‘,['algorand'],en,[],algorand,443
1453031290857394176,Algorand,1,2021-10-26 16:10:30 UTC,61,Let's INNOVATE the next wave of projects joining the #Algorand ecosystem! Join the global online hackathon ğŸ‘‡,['algorand'],en,[],algorand,271
1453003714298527752,Algorand,12,2021-10-26 14:20:55 UTC,64,"Thrilled to welcome @gah650 to Algorandâ€™s distinguished team of advisors! Former president of @Rykodisc &amp; Co-founder of @TuneCore, he will continue to drive disruption in the music industry and bring new opportunities to artists through blockchain ğŸ‘‰  https://t.co/No19zTg9l2  https://t.co/02cT0GTeIT",[],en,[],algorand,304
1452709112001798144,Algorand,15,2021-10-25 18:50:16 UTC,62,"In New York next week? Donâ€™t miss the #NFT 101 Party on November 2nd! Featuring 3 lightning talks, food &amp; networking â€” learn about NFTs and connect with others in the NFT space.  Spots are limited, RSVP now ğŸ‘‰  https://t.co/KrjUMSYT6J  https://t.co/A7fLD9EZDe",['nft'],en,[],algorand,295
1452647103193354249,Algorand,3,2021-10-25 14:43:52 UTC,52,"Have you grabbed your Virtual ticket yet for #Decipher? Tickets are flying fast for Algorandâ€™s inaugural two-day experience in Miami. Save your spot to hear from speakers like @arul_1111i, Founding Managing Partner &amp; Chairman of @borderless_cap ğŸ‘‰  https://t.co/tBcaC2oULP  https://t.co/ff7Rj03KhB",['decipher'],en,[],algorand,249
1452218587888988168,Algorand,8,2021-10-24 10:21:06 UTC,69,Chess on blockchain: watch some of the best today play online!,[],en,[],algorand,364
1451922617129111552,Algorand,4,2021-10-23 14:45:01 UTC,48,Next up in the #AlgoBuilder tutorial series is how use the TEAL debugger within Algob for debugging smart contracts! Check it out ğŸ‘‰  https://t.co/8QA0uypjul,['algobuilder'],en,[],algorand,259
1451642020825554949,Algorand,5,2021-10-22 20:10:02 UTC,43,#SBHACK21 has started â€” but you can still register to participate! Check out the challenges and donâ€™t miss your chance to claim a share of over $350k in prizes ğŸ†  Join now ğŸ‘‰  https://t.co/T4mMV8Az6n  https://t.co/CnBs2oZwVn,['sbhack21'],en,[],algorand,212
1451579308460412938,Algorand,8,2021-10-22 16:00:50 UTC,49,"Have you watched the latest Future on Algorand series spotlight? Featuring @XfiniteOfficial Swaneet Singh and @mzaalo COO @VikramTanna, discover how they are leveraging the #Algorand blockchain to disrupt media &amp; entertainment ğŸ‘‰  https://t.co/hzdJbY0oGm",['algorand'],en,[],algorand,284
1451539778189594624,Algorand,4,2021-10-22 13:23:46 UTC,38,"Meet @Mannyhimself, the 1st @Algorand 13th Pilot! As the @DroneRaceLeagueâ€™s alternate pilot, this EMT-Firefighter-Drone Racer embodies the speed, skill &amp; tech expertise shared by #Algorand blockchain &amp; #DRL. Heâ€™ll be on fly-by, should a DRL Pilot be unable to compete.  https://t.co/1wm4oCobWw","['algorand', 'drl']",en,[],algorand,251
1451291928151068673,Algorand,3,2021-10-21 20:58:54 UTC,56,"Join Sebastian Quinn, Founder of @YieldlyFinance, at #Decipher this November! In-person tickets are officially sold out but thereâ€™s still an opportunity to attend virtually. Register for the inaugural two-day experience today ğŸ‘‰  https://t.co/tBcaC2oULP  https://t.co/MuNBMbQFA4",['decipher'],en,[],algorand,280
1451244770395922432,Algorand,9,2021-10-21 17:51:30 UTC,60,Excited to welcome the #Hyperverse platform to the Algorand ecosystem!,['hyperverse'],en,[],algorand,352
1451204888529186828,Algorand,4,2021-10-21 15:13:02 UTC,43,".@PlanetWatchsasâ€™s Planet token, an Algorand Standard Asset, is coming to @BitMartExchange ğŸ™Œ #greencrypto",['greencrypto'],en,[],algorand,235
1451130056433090565,Algorand,9,2021-10-21 10:15:40 UTC,37,"If you havenâ€™t already, check out what Zone is doing with its blockchain-based approach to disrupting the gaming industry. #ZoneGameFi #InTheZone","['zonegamefi', 'inthezone']",en,[],algorand,225
1450916010073247750,Algorand,7,2021-10-20 20:05:08 UTC,57,Congrats to @mapaycorp on their continued momentum!,[],en,[],algorand,318
1450893338106859526,Algorand,5,2021-10-20 18:35:02 UTC,47,"Hey developers, donâ€™t miss your chance to support the community content creators on #Algorand! Only 4 days left to vote for your favorite @gitcoin bounty content on the #developer portal.  Vote now ğŸ‘‰  https://t.co/9OUz95sDFm  https://t.co/Wvc4Amaoeg","['algorand', 'developer']",en,[],algorand,218
1450856391946670083,Algorand,1,2021-10-20 16:08:14 UTC,29,Live in Miami tickets for #Decipher have officially SOLD OUT â€” but you still have time to join the Virtual VIP experience!   Grab a limited Virtual VIP pass available now through October 27th ğŸ‘‰  https://t.co/COakD77aua  https://t.co/yIMvMiIriG,['decipher'],en,[],algorand,173
1450847350264586240,Algorand,3,2021-10-20 15:32:18 UTC,22,Great to see Brett Redfearn (@Observatory13) join the @Securitize leadership team ğŸ™Œ,[],en,[],algorand,158
1450825022738767872,Algorand,5,2021-10-20 14:03:35 UTC,16,The last Live in Miami tickets for #Decipher have dropped! Grab one quick before they sell out ğŸ‘‰  https://t.co/iVchRcbQ0L  https://t.co/ikvK3Hhnsu,['decipher'],en,[],algorand,126
1450809089248874500,Algorand,6,2021-10-20 13:00:16 UTC,29,"The final Live in Miami ticket drop for #Decipher starts in 1 hour! Donâ€™t miss your chance to attend Algorandâ€™s inaugural event in-person.   Spots are limited, be sure to act fast ğŸ‘‰  https://t.co/lVhrN6bjIj  https://t.co/YxwFV6DYVm",['decipher'],en,[],algorand,197
1450794571034775554,Algorand,4,2021-10-20 12:02:34 UTC,46,"Congratulations to @ibfnet on the launch of Benevolence, a #philanthropy platform built on Algorand ğŸ‘",['philanthropy'],en,[],algorand,260
1450513602281099271,Algorand,4,2021-10-19 17:26:06 UTC,23,"Starting in 5 minutes! Join Crypto Talks: From Web 2 to Web 3 featuring a live discussion with @NukeGold (@CelsiusNetwork), @levin_idan (@ColliderVC), @realjameswo (@DFG_OfficiaI) and Algorandâ€™s own @barryf57 ğŸ‘‰  https://t.co/bjJo9eLCCl",[],en,[],algorand,173
1450495533525651463,Algorand,14,2021-10-19 16:14:18 UTC,116,"Sequoia Games has released @flex_meta, an @NBA-licensed AR board game powered by #Algorand! Fusing pro sports with innovative tech, Flex NBA enables fans to engage with their favorite players &amp; record their experiences as immutable moments ğŸ‘‰  https://t.co/mvEAhgefsb ğŸ€  https://t.co/hZqpp3NCIl",['algorand'],en,[],algorand,431
1450476948304629765,Algorand,5,2021-10-19 15:00:27 UTC,39,Only 1 hour away! Algorandâ€™s Developer Relations will lead office hours with a session focusing on #SBHACK21 and Algorand #INNOVATE challenges including whatâ€™s new in the SDKs for #AVM.  Tune in here ğŸ‘‰  https://t.co/NbkZdAZDRi?  https://t.co/miKfmvOZhS,"['sbhack21', 'innovate', 'avm']",en,[],algorand,203
1450446873802809356,Algorand,2,2021-10-19 13:00:57 UTC,31,Last chance to join the Algorand community live in Miami at #Decipher! The FINAL drop of in-person tickets will be released at 10am ET tomorrow.  Mark your calendar and be sure to act fast ğŸ‘‰  https://t.co/tBcaC2oULP  https://t.co/W3v69e6Jgi,['decipher'],en,[],algorand,172
1450200153114259466,Algorand,19,2021-10-18 20:40:34 UTC,65,"Looking forward to the first ever NFT BZL on Nov 30th! Featuring leading figures in the #NFT space, this day long conference will include panel discussions, live art and a digital gallery during Miami Art Week.  Grab your ticket here ğŸ‘‰  https://t.co/R8zC7TiqRi  https://t.co/3oRoat13Ae",['nft'],en,[],algorand,281
1450147671579242498,Algorand,38,2021-10-18 17:12:02 UTC,202,"Excited to see @RealSophiaRobot join @borderless_cap and welcome her to the creator economy on #Algorand! Using breakthrough robotics and AI, Sophia will generate new works of digital art, minted as #NFTs on the Algorand blockchain ğŸ‘‰  https://t.co/hmUmSXTdfK @hansonrobotics  https://t.co/HB1yRnfWJD","['algorand', 'nfts']",en,[],algorand,729
1450137696966414336,Algorand,6,2021-10-18 16:32:23 UTC,61,.@vestaequityvpm is leveraging the #Algorand blockchain to transform the home equity finance model! Find out how you can get involved ğŸ‘‡ğŸ ,['algorand'],en,[],algorand,303
1449859307512778752,Algorand,12,2021-10-17 22:06:10 UTC,44,"Donâ€™t miss @BenedettoBio, CEO of @FolksFinance, speak live at #Decipher this November! Grab your ticket here ğŸ‘‰  https://t.co/tBcaC2oULP  Want to learn more about Folks Finance's #DeFi lending protocol built on Algorand? See their latest blog ğŸ‘‰  https://t.co/fcFeJxQYE0  https://t.co/zCFfZt6lQS","['decipher', 'defi']",en,[],algorand,232
1449383385034600461,Algorand,15,2021-10-16 14:35:01 UTC,112,"â€œWith scalable, environmentally sustainable &amp; low-cost blockchain infrastructure, we are thrilled to see the acceleration of decentralized #gaming applications in the #Algorand ecosystem.â€ - @DavidBMarkley   More on our recent news with @XTZ_ESPORTS ğŸ‘‡  https://t.co/Fm5PQ44Bp0","['gaming', 'algorand']",en,[],algorand,394
1449007531230117890,Algorand,5,2021-10-15 13:41:31 UTC,28,Only one week left to apply! Join the first #Algorand blockchain accelerator in Miami and #LatAm ğŸ‘‡,"['algorand', 'latam']",en,[],algorand,224
1448766975417724932,Algorand,6,2021-10-14 21:45:38 UTC,50,The Future on Algorand series continues as we welcome @XfiniteOfficial as our next guest!  @KeliCallaghan sat down with Xfinite CEO Swaneet Singh and @mzaalo COO @VikramTanna to discuss how blockchain will impact media &amp; entertainment.  ğŸ“º Full video:  https://t.co/hzdJbY0oGm  https://t.co/85ES8PRDtU,[],en,[],algorand,244
1448689600474583046,Algorand,5,2021-10-14 16:38:10 UTC,53,"Are you ready for #SBHACK21? Join #Algorand at the largest Swiss blockchain hackathon in Zurich, Geneva, Lugano and online! Challenges will be announced tomorrow ğŸ‘€  Register to participate today ğŸ‘‰  https://t.co/T4mMV8Az6n @Trust_Square  https://t.co/MVWxpatFaL","['sbhack21', 'algorand']",en,[],algorand,254
1448635969574481920,Algorand,5,2021-10-14 13:05:04 UTC,37,"Don't miss hearing from Andrew Durgee, Managing Director of @joinrepublic at #Decipher this fall! You can join virtually or attend live in Miami, but spots are limited â€” learn more here ğŸ‘‰  https://t.co/lgUNKpIa60  https://t.co/qDQOjZMYUi",['decipher'],en,[],algorand,185
1448435986250276867,Algorand,7,2021-10-13 23:50:24 UTC,45,T-10 minutes until @DroneRaceLeague takes flight in Minnesota ğŸš€,[],en,[],algorand,244
1448352481390518274,Algorand,246,2021-10-13 18:18:35 UTC,1320,".@XTZ_ESPORTS announced they will launch the first #gamefi ecosystem on #Algorand! Merging gaming and #DeFi, Zone will create new gamefi products and on-chain gaming challenges for millions of gamers across their user base ğŸ‘‰  https://t.co/EfPQ7AKxTk  https://t.co/7di5NHIrOl","['gamefi', 'algorand', 'defi']",en,[],algorand,1396
1448315863300550659,Algorand,7,2021-10-13 15:53:04 UTC,29,SOLD OUT in under 2 hours! Stay tuned for the final drop of in-person #Decipher tickets on October 20th ğŸŸï¸  Canâ€™t travel to Miami? Grab a limited-time Virtual VIP pass ğŸ‘‰  https://t.co/WDgYxjpcNX  https://t.co/IiNzCqnZmD,['decipher'],en,[],algorand,195
1448308431954366470,Algorand,2,2021-10-13 15:23:33 UTC,18,ğŸ’» Tune in today at 12pm ET!,[],en,[],algorand,124
1448287764655611905,Algorand,3,2021-10-13 14:01:25 UTC,41,"The next drop of Live in Miami tickets are now available! Save your spot today to join the Algorand community at #Decipher, November 29-30 ğŸ‘‰  https://t.co/VZM8W7nkob  https://t.co/ea7luZMMy3",['decipher'],en,[],algorand,176
1448053320510328833,Algorand,7,2021-10-12 22:29:49 UTC,43,"More in-person #Decipher tickets drop at 10am ET tomorrow ğŸ‘€  See you soon, Miami  https://t.co/tBcaC2oULP  https://t.co/Mw7PWNXKnz",['decipher'],en,[],algorand,258
1447970141845733379,Algorand,15,2021-10-12 16:59:18 UTC,114,".@AltyChatBot, the one-click social messaging wallet, has migrated from Ethereum to the #Algorand blockchain! Starting now, users can send &amp; receive Algorand assets, enabling in-chat transactions and micro-payments to be instant &amp; nearly feeless ğŸ‘‰  https://t.co/r5nU0CW2AP  https://t.co/y64InI6Q8J",['algorand'],en,[],algorand,402
1447920961232293904,Algorand,8,2021-10-12 13:43:52 UTC,64,ğŸ“² Mobile transaction signing with @YieldlyFinance and the official Algorand Wallet is here ğŸ™Œ,[],en,[],algorand,363
1447589747355004932,Algorand,5,2021-10-11 15:47:45 UTC,68,.@WebblenInc is leveraging the Algorand blockchain to create a #decentralized local loyalty program ğŸ‘,['decentralized'],en,[],algorand,278
1447558352305786889,Algorand,16,2021-10-11 13:43:00 UTC,57,Want to attend #Decipher? We have 3 ticket types to choose from!  ğŸŒ´ LIVE in Miami - next ticket drop is Oct 13th ğŸ’» Virtual GA - streaming access to all general sessions ğŸ Virtual VIP - general &amp; exclusive sessions + a gift box  Grab your ticket here ğŸ‘‰  https://t.co/lgUNKpIa60  https://t.co/PfjSCkDH5n,['decipher'],en,[],algorand,203
1447295207112851463,Algorand,10,2021-10-10 20:17:21 UTC,73,"Missed our last #developer office hour? Watch the replay featuring @tinymanorg, a decentralized AMM trading protocol now live on the #Algorand blockchain.  ğŸ“º  https://t.co/Cilvfqvm8X #DeFi","['developer', 'algorand', 'defi']",en,[],algorand,311
1446507659352580097,Algorand,3,2021-10-08 16:07:55 UTC,19,9/ The first ticket drops for #Decipher have completely sold out! Donâ€™t miss your chance to join Algorandâ€™s inaugural two-day experience in #Miami â€” grab a virtual ticket or stay tuned for the next in-person ticket drop on October 13th ğŸ‘‰  https://t.co/lgUNKpIa60  https://t.co/ITOcOKAjEs,"['decipher', 'miami']",en,[],algorand,131
1446507653727989769,Algorand,1,2021-10-08 16:07:54 UTC,26,"8/ @ArtSquareIO released their first #NFT on Algorand, making fine art investing accessible via fractionalized shares. Check out @andreabonac_art's astronaut-inspired portrait now available on  https://t.co/veyJ12j6mu ğŸ‘‡  https://t.co/aehgISnUMr",['nft'],en,[],algorand,134
1446507651685363715,Algorand,1,2021-10-08 16:07:53 UTC,11,"7/ @AlgoFoundation launched the Algorand Centres of Excellence Programme (ACE), a university engagement initiative that strives to make a long-lasting, positive impact in the #blockchain and #crypto space ğŸ‘‰  https://t.co/8hSIY1idge  https://t.co/ORJ5IAqBWj","['blockchain', 'crypto']",en,[],algorand,98
1446507647222665217,Algorand,1,2021-10-08 16:07:52 UTC,9,6/ @DroneRaceLeague brought together the 12 best drone racing pilots in the world for their first-ever professional drone race in the Twin Cities. Watch the highlights ğŸ‘‰  https://t.co/4hCraHTz0n #DRL  https://t.co/nNQ8GjqmVS,['drl'],en,[],algorand,92
1446507641384099842,Algorand,2,2021-10-08 16:07:51 UTC,9,"5/ @IOlivicola, the largest organization of olive oil producers in Italy, announced they are working with @EuranetTweet to bring transparency &amp; efficiency to the olive oil #supplychain using the Algorand blockchain ğŸ‘‰  https://t.co/xhT5m6UNPi  https://t.co/Oowxr0awJ6",['supplychain'],en,[],algorand,95
1446507637298929671,Algorand,2,2021-10-08 16:07:50 UTC,5,"4/ @Abris_io announced the launch of its eco-friendly #NFT marketplace and white label NFT solution on Algorand  â€”  enabling artists, celebrities, galleries and more to mint &amp; auction their own #NFTs as drops ğŸ‘‰  https://t.co/707LzUkbsY  https://t.co/Q0E9oJBF2p","['nft', 'nfts']",en,[],algorand,80
1446507632987189253,Algorand,1,2021-10-08 16:07:49 UTC,4,"3/ @opulousapp announced they are teaming up with @joinrepublic to bring music royalty investing to the masses, all tokenized on Algorand ğŸ‘‡  https://t.co/mUnrxj6XWY",[],en,[],algorand,84
1446507631003279360,Algorand,2,2021-10-08 16:07:48 UTC,9,"2/ @tinymanorg, a decentralized, permissionless #AMM exchange protocol is now LIVE as the first #DEX on Algorand ğŸ‘‰  https://t.co/1OuhsSZXtw  https://t.co/hSIDdM3uWR","['amm', 'dex']",en,[],algorand,100
1446507626624389130,Algorand,13,2021-10-08 16:07:47 UTC,131,1/ One week into October and the leaves are starting to turn toward #AlgorandAutumn ğŸ‚ ğŸ”¥  https://t.co/twzD63bpFK,['algorandautumn'],en,[],algorand,636
1446137623697936385,Algorand,15,2021-10-07 15:37:32 UTC,61,"20 investors are behind the amazing team at @tinymanorg, which is set to launch on Thursday.  ğŸ‘",[],en,[],algorand,361
1446136996523659268,Algorand,3,2021-10-07 15:35:02 UTC,46,New Blog! Read on to learn more about what makes #Algorand such a developer-friendly blockchain ecosystem ğŸ‘‰  https://t.co/o17xXnkugr  https://t.co/mdqvbczMYz,['algorand'],en,[],algorand,242
1446099255526035461,Algorand,2,2021-10-07 13:05:04 UTC,38,"Donâ€™t miss hearing from Massimo Morini (@TheAlgonomist), Chief Economist of @AlgoFoundation at #Decipher this fall! The next drop of in-person tickets will be released on October 13th ğŸ‘€  Grab a virtual ticket &amp; learn more here ğŸ‘‰Â  https://t.co/TMejujgO9J  https://t.co/deXTBycWl3",['decipher'],en,[],algorand,199
1445897836332126210,Algorand,12,2021-10-06 23:44:42 UTC,57,Ready for takeoff in the Twin Cities! Watch @DroneRaceLeague tonight at 8pm EST on NBCSN and Twitter ğŸš€,[],en,[],algorand,271
1445886258358587393,Algorand,0,2021-10-06 22:58:41 UTC,1,@fpv_sky @DroneRaceLeague @Allianz Agreed!,[],en,[],algorand,8
1445840732426801152,Algorand,19,2021-10-06 19:57:47 UTC,191,"Excited to see @opulousapp &amp; @joinrepublic leveraging #Algorand to disrupt the music industry model! This offering will enable fans to invest directly in their favorite artists &amp; earn royalties, first wave of releases include @lilpump &amp; @KSHMRmusic ğŸ‘‰  https://t.co/kEuI3U43bD ğŸµ  https://t.co/6z8yAbtBSN",['algorand'],en,[],algorand,613
1445811181709529088,Algorand,40,2021-10-06 18:00:22 UTC,96,Great to see an #NFT collection that also gives back to the environment ğŸ™Œ ğŸ¦ğŸŒ³  @al_goannaâ€™s current goal is to plant 5k trees! Check out their latest drop minted on #Algorand ğŸ‘‡,"['nft', 'algorand']",en,[],algorand,405
1445744286696239108,Algorand,6,2021-10-06 13:34:33 UTC,81,"Today, @Abris_io announced the launch of its curated #NFT marketplace and white label NFT solution! This simple, user-friendly and green platform will enable anyone to mint, sell, resell &amp; auction their digital art leveraging the #Algorand blockchain ğŸ‘‰  https://t.co/LXdFRE6XHV  https://t.co/xrIZMRVAJ5","['nft', 'algorand']",en,[],algorand,341
1445422212832501760,Algorand,1,2021-10-05 16:14:44 UTC,34,Happening LIVE! Learn about @tinymanorg's  #decentralized AMM trading protocol built on the Algorand blockchain ğŸ‘‰  https://t.co/pdsP95O8mC  https://t.co/A68nfDHx5V,['decentralized'],en,[],algorand,207
1445416074875449346,Algorand,1,2021-10-05 15:50:21 UTC,28,T-10 minutes until @tinymanorg takes over Algorand's developer office hour! Tune in here ğŸ‘‰  https://t.co/QSE0XTjgaY,[],en,[],algorand,153
1445398582325035025,Algorand,1,2021-10-05 14:40:50 UTC,30,Don't miss this on Friday! Tune in to @defialliance's demo day to watch presentations by the 5th cohort of their #DeFi Accelerator ğŸ‘‡,['defi'],en,[],algorand,167
1445373870861651975,Algorand,13,2021-10-05 13:02:39 UTC,128,".@IOlivicola, Italyâ€™s largest consortium of olive oil producers, will implement an #Algorand-powered supply chain solution to improve transparency &amp; efficiency! Together with @EuranetTweet, this innovation will empower the olive oil traceability system ğŸ‘‰  https://t.co/whkVKH5wPC  https://t.co/OSkSEulqyZ",['algorand'],en,[],algorand,558
1445059760605257728,Algorand,2,2021-10-04 16:14:29 UTC,41,"There are still virtual #Decipher tickets for sale! Donâ€™t miss the chance to hear from leaders like @NicholasDRL, CEO and Founder of the @DroneRaceLeague. Register today ğŸ‘‰ https://t.co/s2mRyyTJYe  https://t.co/6NahljNelS",['decipher'],en,[],algorand,187
1445014896798797825,Algorand,6,2021-10-04 13:16:13 UTC,70,"Tomorrow afternoon, @tinymanorg will be a guest speaker at Algorandâ€™s #developer office hour! This session will cover Tinymanâ€™s #decentralized AMM trading protocol built on the Algorand blockchain.  Save your spot now ğŸ‘‰  https://t.co/b45SG4ELBH  https://t.co/nz9l10mVe1","['developer', 'decentralized']",en,[],algorand,353
1444667319138009090,Algorand,12,2021-10-03 14:15:04 UTC,47,Want to connect with other Algorand developers? Join Algorandâ€™s Developer Discord channel today ğŸ‘‰  https://t.co/phljtlFX9E  https://t.co/eGEJSRGDux,[],en,[],algorand,315
1444380419173015560,Algorand,13,2021-10-02 19:15:01 UTC,53,ICYMI: @ArtSquareIO leverages Algorand to make fine art investing accessible via fractionalized shares. Read about it here!  https://t.co/5nacfzqzSN,[],en,[],algorand,282
1444312479232708609,Algorand,11,2021-10-02 14:45:03 UTC,60,"Donâ€™t miss Algorandâ€™s next #developer office hour on Tuesday, October 5th! This session will cover @tinymanorgâ€™s #decentralized AMM trading protocol built on the Algorand blockchain.  Sign up here ğŸ‘‰  https://t.co/b45SG4Wmtf  https://t.co/C3z0UccQ7G","['developer', 'decentralized']",en,[],algorand,325
1444025599425662978,Algorand,1,2021-10-01 19:45:06 UTC,28,"Watch the replays of Algorandâ€™s developer office hours on YouTube!  Sessions featuring @pipeline_ui, @YieldlyFinance, @WalletConnect &amp; more are available to watch here ğŸ‘‰  https://t.co/OPXQ6Ou3mA #BuildOnAlgorand",['buildonalgorand'],en,[],algorand,173
1443999303492636672,Algorand,2,2021-10-01 18:00:36 UTC,23,"Second drop of in-person #Decipher tickets are now sold out! The next release is scheduled for 10/13 -- In the meantime, learn more or grab a virtual ticket to hear from speakers like @Melt_Dem CSO of @CoinSharesCo  https://t.co/7Z83od5zwb  https://t.co/tNi0edZfBb",['decipher'],en,[],algorand,161
1443955312063508482,Algorand,5,2021-10-01 15:05:48 UTC,47,Congratulations @ArtSquareIO on the launch of your new listing! Learn about the story behind @andreabonac_art's portrait of astronaut Michael Collins and how ArtSquare makes art investing accessible to all ğŸ–¼ï¸ğŸ‘‰,[],en,[],algorand,256
1443924951636058152,Algorand,17,2021-10-01 13:05:09 UTC,97,"Want to see a real-time perspective on Algorandâ€™s high #performance and growing usage? Take a look at the Algorand MainNet Metrics Dashboard on the developer portal!  This dashboard measures Algorand's current scale, speed, decentralization &amp; more ğŸ‘‰  https://t.co/wphbsQrf9X  https://t.co/XsD1Ga54fP",['performance'],en,[],algorand,417
1443678302972129281,Algorand,9,2021-09-30 20:45:04 UTC,55,"Interested in learning more about @tinymanorg? Join our next #developer office hour on Tuesday, October 5th for a session covering their #decentralized AMM trading protocol built on the Algorand blockchain.  Sign up here ğŸ‘‰  https://t.co/b45SG4ELBH  https://t.co/qbRxGK8nEm","['developer', 'decentralized']",en,[],algorand,230
1443672014485655555,Algorand,1,2021-09-30 20:20:05 UTC,38,"The Algorand community's #Decipher conference will take place in Miami this fall, just as the city's Art Week kicks off--a great time to discuss #NFTs and the future of digital art with leaders like @pablorfraile. IRL tickets are almost sold out!  ğŸ‘‰ https://t.co/gfAYVodmQd  https://t.co/AoAnhOBMu9","['decipher', 'nfts']",en,[],algorand,223
1443629265585676290,Algorand,0,2021-09-30 17:30:12 UTC,21,Happening now at #BostonFintechWeek! Tune into the panel discussion on #sustainability featuring Thorsten Peisl from KALYP Technologies and Algorandâ€™s own @wsford.  https://t.co/rTmVu6c13A @FinTechSandbox,"['bostonfintechweek', 'sustainability']",en,[],algorand,143
1443580164315643916,Algorand,9,2021-09-30 14:15:06 UTC,87,"New Blog! Learn about the new decentralized exchange, @tinymanorg, built on Algorand to provide liquidity for Algorand-powered digital assets.  https://t.co/PuWWS5vpQK  https://t.co/wxgTGlBdQK",[],en,[],algorand,379
1443562550654869511,Algorand,4,2021-09-30 13:05:06 UTC,61,ICYMI: @sendwyre announced the upcoming availability of simple payment solution integrations across the #Algorand ecosystem! Developers building on Algorand will be able to quickly &amp; easily deploy Wyreâ€™s robust &amp; simple to integrate APIs ğŸ‘‡  https://t.co/0gYKw1dxp5,['algorand'],en,[],algorand,329
1443562540844322819,Algorand,1,2021-09-30 13:05:04 UTC,45,Now LIVE! Algorand Founder @silviomicali and CEO @stevekokinos kick off the 3rd day of #BostonFintechWeek with a fireside chat.  https://t.co/z0dPa1ku9N @FinTechSandbox  https://t.co/nBnMwyeTXu,['bostonfintechweek'],en,[],algorand,250
1443331008485543940,Algorand,5,2021-09-29 21:45:02 UTC,34,"Donâ€™t forget to register for #Decipher â€” the second drop of tickets are almost sold out! Act fast to secure a spot and hear from innovative leaders like @FrancisSuarez, Mayor of Miami. Grab your ticket here:  https://t.co/BkJIgRw5Tn  https://t.co/FOae6AhpVc",['decipher'],en,[],algorand,200
1443320939278647309,Algorand,3,2021-09-29 21:05:02 UTC,33,"Get started developing WebApps using @JavaScript! This solution walks through how to build a WebApp using a CSS library, JavaScript Algorand SDK and integrate #AlgoSigner for basic payment transactions and more ğŸ‘‰  https://t.co/kib6QoshPO",['algosigner'],en,[],algorand,157
1443318168689205254,Algorand,0,2021-09-29 20:54:01 UTC,0,"@chrisswenor Very exciting, Chris!",[],en,[],algorand,24
1443315276745949186,Algorand,6,2021-09-29 20:42:32 UTC,47,Ready to fly? We are!  Set a reminder to tune into NBCSN to kick off the @DroneRaceLeague Championship Season!   3 hours and countingâ€¦ ğŸš€,[],en,[],algorand,277
1443274626667270148,Algorand,0,2021-09-29 18:01:00 UTC,35,"Reminder ğŸ‘‰ Algorand will be at #BostonFintechWeek tomorrow (9/30)! Donâ€™t miss discussions featuring  ecosystem leaders like @Securitize, @mapaycorp and more. Register today:  https://t.co/Z4nmSUCMbf  https://t.co/RMdroPJhEa",['bostonfintechweek'],en,[],algorand,216
1443242986989629443,Algorand,5,2021-09-29 15:55:16 UTC,49,.@VenueMarkets is being built with robust features and easy deployment models that #avm and #algorand empower. Follow them for updates on their imminent launch of a decentralized predictions market!  ğŸ‘‰,"['avm', 'algorand']",en,[],algorand,264
1443237135478398983,Algorand,15,2021-09-29 15:32:01 UTC,212,Major Protocol Update! Algorand Virtual Machine upgrade catalyzes wave of #DeFi applications building on #algorand  #avm  #GreenBlockchain     https://t.co/Q4YV1VX2Pa  https://t.co/XBlSUcYshO,"['defi', 'algorand', 'avm', 'greenblockchain']",en,[],algorand,806
1443215613925625859,Algorand,3,2021-09-29 14:06:30 UTC,27,"More in person tickets for #Decipher have just been released! Don't miss the chance to hear from leaders like @Melt_Dem, @arrington, @DG__tw and more, live in Miami:  https://t.co/WDgYxjGNFv  https://t.co/9S6dtC63eR",['decipher'],en,[],algorand,190
1443200167423922180,Algorand,2,2021-09-29 13:05:07 UTC,32,"Join Algorand at #SBHACK21 October 29-31st! In partnership with @Trust_Square, we are looking forward to participating in the largest Swiss blockchain hackathon in Zurich, Geneva and Lugano.   Register to participate today ğŸ‘‰  https://t.co/acrNw1IBVr",['sbhack21'],en,[],algorand,173
1442960968707764229,Algorand,7,2021-09-28 21:14:38 UTC,77,Interested in #blockchain development? Building a simple decentralized application (#dApp) on Algorand is one of the best ways to get started ğŸ‘‰  https://t.co/gZMQVfOVso  https://t.co/lisB9kTCft,"['blockchain', 'dapp']",en,[],algorand,413
1442958553522733064,Algorand,13,2021-09-28 21:05:02 UTC,85,ICYMI: Algorand announced a long-term partnership with @DroneRaceLeague to lead next-generation fan experiences on the #blockchain! Read more on how we plan to disrupt sports &amp; gaming via @Blockworks_ ğŸ‘‡  https://t.co/A9UKhpC2Vw,['blockchain'],en,[],algorand,405
1442889883169660929,Algorand,2,2021-09-28 16:32:10 UTC,34,"The next drop of in-person tickets for #Decipher will be released tomorrow (9/29) at 10am EST! You'll need to act fast if you want to hear from speakers like @Scaramucci, founder of @skybridge, IRL. Click the link for more info:  https://t.co/HQNxwheoiK  https://t.co/xIHJ1tMOUO",['decipher'],en,[],algorand,168
1442888361241243658,Algorand,8,2021-09-28 16:26:07 UTC,47,Congrats to @lofty_ai on their 20th tokenized real estate property launch! Learn more about how they leverage Algorand and enable anyone to become an investor in real estate for as little as $50 ğŸ¡:  https://t.co/5KD9SQiLLK,[],en,[],algorand,287
1442866926607388674,Algorand,4,2021-09-28 15:00:57 UTC,44,Registration for the largest Swiss Blockchain Hackathon is now open! Join Algorand and like-minded developers at the #SBHACK21 from October 29-31st. Sign up here:  https://t.co/fTETTEbo5R  https://t.co/U5LO4l3RRz,['sbhack21'],en,[],algorand,193
1442857980936933382,Algorand,3,2021-09-28 14:25:24 UTC,49,Congrats to @ArchaxEx on their continued execution on building out more blockchain-based infrastructure!  Honored that #Algorand will be one of the first platforms to be supported!,['algorand'],en,[],algorand,260
1442837774114164743,Algorand,7,2021-09-28 13:05:06 UTC,70,ICYMI: @SkyBridge and NAX announced a partnership to accelerate dApp growth on #Algorand! The initiative will become a core infrastructure to launch at-scale #DeFi ventures and a platform for institutions to securitize their assets over the blockchain ğŸ‘‡  https://t.co/v2ynFtDGAz,"['algorand', 'defi']",en,[],algorand,307
1442808336332857344,Algorand,5,2021-09-28 11:08:08 UTC,75,".@Securitize &amp; Algorand share a vision for expanded access to financial opportunity. Congrats on the launch of Securitize Markets, which makes the growing digital securities ecosystem on Algorand more inclusive than ever before ğŸ‘ #futurefi #algoautumn","['futurefi', 'algoautumn']",en,[],algorand,333
1442802719828422668,Algorand,1,2021-09-28 10:45:49 UTC,0,@OyeyemiFawole @theworldchess Who did you play while there?! â™Ÿ,[],en,[],algorand,2
1442670085647257602,Algorand,5,2021-09-28 01:58:46 UTC,48,.@DroneRaceLeague will be even faster on #Algorand this season. ğŸ›¸ğŸš€,['algorand'],en,[],algorand,262
1442651740034174982,Algorand,12,2021-09-28 00:45:52 UTC,73,The Algorand community keeps climbing!  ğŸ’ªğŸ»,[],en,[],algorand,558
1442596164134637574,Algorand,2,2021-09-27 21:05:02 UTC,33,The Algo Builder tutorial series continues! Their latest tutorial introduces the use of #PyTeal templates to your smart contract code to speed development and deployment ğŸ‘‰  https://t.co/U2yLe60vHi,['pyteal'],en,[],algorand,199
1442572268853469192,Algorand,2,2021-09-27 19:30:05 UTC,32,"Don't miss hearing from @chrisswenor, co-founder of @reachlang, at #Decipher this fall! You can join virtually or attend live in Miami, but spots are limited - register now:  https://t.co/gNgdzx60ls  https://t.co/1MoFrQqzaM",['decipher'],en,[],algorand,173
1442548732042661889,Algorand,5,2021-09-27 17:56:33 UTC,26,Who caught Round 1 of #LeMansVirtual this weekend? ğŸ‘€,['lemansvirtual'],en,[],algorand,161
1442539486638915585,Algorand,0,2021-09-27 17:19:49 UTC,52,.@silviomicali will be making an appearance at EmTech tomorrow. Check out the details here! ğŸ‘‰ https://t.co/IWrsDE1eUd,[],en,[],algorand,242
1442475392170876928,Algorand,12,2021-09-27 13:05:08 UTC,126,"ICYMI: @algofiorg announced the upcoming launch of their fast, low-cost, #decentralized lending market on the Algorand blockchain! Learn more about why Algofi selected #Algorand as their underlying technology partner via @crypto_ninjas ğŸ‘‡  https://t.co/sd8xzEAciV","['decentralized', 'algorand']",en,[],algorand,522
1442138147505180686,Algorand,8,2021-09-26 14:45:02 UTC,60,Want to stay up to date with Algorandâ€™s latest news and announcements? Sign up for our newsletter today ğŸ‘‰  https://t.co/3tUBqAbfEX  https://t.co/QTLG73vULD,[],en,[],algorand,303
1441868446942195717,Algorand,1,2021-09-25 20:53:21 UTC,50,Congrats to Lemon Cash for becoming part of the @borderless_cap community!,[],en,[],algorand,325
1441768218981457924,Algorand,4,2021-09-25 14:15:04 UTC,51,"â€œWe utilize the blockchain as a tool to further engage in art, as a tool to transact with digital items, and as a new form of interoperability between the digital realms.â€ - @pablorfraile  Watch the replay of the discussion featuring #aorist &amp; #Algorand ğŸ‘‰  https://t.co/3MEerY1BDk","['aorist', 'algorand']",en,[],algorand,283
1441496425666318338,Algorand,4,2021-09-24 20:15:04 UTC,36,Developers â€” discover how to implement a pseudo random number generator within your smart contract gaming logic to build this carnival shooter #dApp. Take a look ğŸ‘‰  https://t.co/Cx4ztXRPIN,['dapp'],en,[],algorand,227
1441484072484704257,Algorand,1,2021-09-24 19:25:59 UTC,48,"The first drop of in-person #Decipher tickets is sold out! The next release is coming at 10am EST on Sept. 29â€”let the countdown begin. In the meantime, learn more or grab a virtual ticket ğŸ‘‰ https://t.co/ynCdLJyW1x  https://t.co/izlXPRBgtR",['decipher'],en,[],algorand,255
1441444649831387137,Algorand,4,2021-09-24 16:49:19 UTC,58,"A warm welcome to the #Algorand community, @the_lovechain!  The team is delivering on their vision for the future of social media.  Hint: itâ€™s blockchain-based!  #futurefi  ğŸ¤—","['algorand', 'futurefi']",en,[],algorand,355
1441388224933363713,Algorand,3,2021-09-24 13:05:07 UTC,57,"Join us next week at MIT @techreviewâ€™s flagship event on emerging technology and global trends! @silviomicali will be leading a session on Tuesday, September 28th at 2:10pm EDT. Register here ğŸ‘‰  https://t.co/laDbuvJWqd  https://t.co/reRsGF5E11",[],en,[],algorand,297
1441146623317270528,Algorand,35,2021-09-23 21:05:04 UTC,151,"ICYMI: The Colombian government announced they will leverage Vitalpass as the countryâ€™s official digital vaccination passport! Co-created by @Auna_Oficial and @koibanx, Vitalpass was developed leveraging Algorandâ€™s blockchain technology ğŸ‘‰  https://t.co/2PKqsA43SF  https://t.co/FYWwRoFnfC",[],en,[],algorand,606
1441120198115745796,Algorand,2,2021-09-23 19:20:04 UTC,45,"Don't miss @RachelRJacobson, president of the @DroneRaceLeague, speaking live at #Decipher this November! The first release of in person tickets are almost sold out--grab yours here:  https://t.co/ZisYSq5Gtz  https://t.co/HXpZh6DQmH",['decipher'],en,[],algorand,223
1441109644609396737,Algorand,16,2021-09-23 18:38:08 UTC,103,"More and more #defi lining up to launch, coming out of an anticipated technical upgrade to the protocol.  #avm","['defi', 'avm']",en,[],algorand,499
1441025834081529858,Algorand,10,2021-09-23 13:05:06 UTC,116,"""Our mission is very much aligned with #Algorand's ethos &amp; we look forward to bringing their technology to the forefront of regulated products, digital securities, currencies, payments &amp; more"" - @Scaramucci   More on our partnership with @SkyBridge &amp; NAX:  https://t.co/0f9E5a9waI",['algorand'],en,[],algorand,546
1440814923114680340,Algorand,4,2021-09-22 23:07:01 UTC,80,The potential for blockchain-based disruption in the gaming space is heating up. The @DroneRaceLeague is leading the charge.  @wsford sits down with @MorningConsult ğŸ‘‰  https://t.co/Dk79psgGT0,[],en,[],algorand,346
1440790532662317064,Algorand,6,2021-09-22 21:30:06 UTC,38,Donâ€™t forget to register for the upcoming #Decipher event! @arrington will be joining us in Miami to decipher the future of finance on Algorand. Register today:  https://t.co/4R0AotIHeG  https://t.co/scKBEXDwCz,['decipher'],en,[],algorand,217
1440779200588255235,Algorand,6,2021-09-22 20:45:04 UTC,76,Want to build a vault to protect your digital assets? This solution uses stateful smart contracts to deploy a decentralized vault that pairs withdrawal wait time with a recovery key ğŸ‘‰  https://t.co/fvXoLDVsaC,[],en,[],algorand,400
1440769992316702726,Algorand,5,2021-09-22 20:08:29 UTC,34,Check out the latest Algorand Developer Office Hours! Learn about #blockchain developer innovation with @reachlang and PyTeal software from Algorandâ€™s Russell Fustino and Jason Paulos ğŸ‘‰  https://t.co/nJn8AWtnpU,['blockchain'],en,[],algorand,239
1440692470627459083,Algorand,6,2021-09-22 15:00:26 UTC,62,New Blog! Discover how the Algorand blockchain provides a payment infrastructure that can support the future of finance ğŸ‘‰  https://t.co/jNcpOidYYg #futurefi  https://t.co/jU2jT2BgAW,['futurefi'],en,[],algorand,355
1440676347920072713,Algorand,8,2021-09-22 13:56:22 UTC,53,Our own @stevekokinos speaking today at @MessariCrypto #Mainnet2021  ğŸ’¥  https://t.co/2qJg9ika6A,['mainnet2021'],en,[],algorand,337
1440665619209207808,Algorand,7,2021-09-22 13:13:44 UTC,77,".@ArtSquareIO is leveraging Algorand to make fine art investing accessible via fractionalized shares, and today they've launched @hirst_official's ""Courage"" on the platform. Learn more:  https://t.co/vMyG0Egat6  https://t.co/S8rtzTiBAw",[],en,[],algorand,384
1440659657299611655,Algorand,4,2021-09-22 12:50:03 UTC,38,"Only 1 hour away! Join @stevekokinos on the #Mainnet2021 stage at 9:50am for a live discussion on Web3 with @yanosov (@Anchorage), @catgu_ (@Visa) and @VanessaGrellet_ (@coinfund_io) ğŸ‘‰  https://t.co/twOdzNE4T7 @MessariCrypto  https://t.co/1yhfZ4TSlJ",['mainnet2021'],en,[],algorand,209
1440385134889357322,Algorand,2,2021-09-21 18:39:11 UTC,32,".@carlosdomingo will be speaking at Decipher on Nov. 29-30, live in Miami! Donâ€™t miss your chance to join the conversation and connect with the Algorand community. Registration now open ğŸ‘‰ https://t.co/f1u4hwpj10  https://t.co/PO8JJytYhK",[],en,[],algorand,219
1440301054172692480,Algorand,5,2021-09-21 13:05:05 UTC,89,"""These exciting integrations will create new, frictionless on-ramps for users to the booming ecosystem of #DeFi services, #NFT markets, gaming platforms &amp; more on #Algorand."" - @paulriegle   See more on our new partnership with @sendwyre ğŸ‘‰  https://t.co/gEftyyhrHB","['defi', 'nft', 'algorand']",en,[],algorand,405
1440074004866342912,Algorand,2,2021-09-20 22:02:52 UTC,19,Right about now ğŸ‘‰,[],en,[],algorand,161
1440059454301433858,Algorand,6,2021-09-20 21:05:03 UTC,78,"New Blog! Discover how #blockchain technology will usher in a new era of open #finance that is accessible, inclusive and global ğŸ‘‰  https://t.co/xAvKRt5ixW  https://t.co/q9dmeSp8y0","['blockchain', 'finance']",en,[],algorand,324
1440006090045870080,Algorand,9,2021-09-20 17:33:00 UTC,60,Congratulations @SmilecoinUS on your new partnership with @MEXC_Global! Smile Coin is powering the gaming industry and accelerating #defi on Algorand:,['defi'],en,[],algorand,353
1439994634273542144,Algorand,9,2021-09-20 16:47:29 UTC,96,New Blog! Discover how the Algorand blockchain provides a payment infrastructure that can support the future of finance ğŸ‘‰ https://t.co/z6BdW0JLKA  https://t.co/bjVa6HOc7d,[],en,[],algorand,420
1439969792685920258,Algorand,0,2021-09-20 15:08:46 UTC,1,@headline_crypto See you there!,[],en,[],algorand,17
1439938657629114375,Algorand,3,2021-09-20 13:05:03 UTC,38,Missed the @BGameAlliance panel on integrating fiat payments in blockchain games? Watch the replay of the discussion with @Venly_io CEO &amp; Co-founder @TimDierckxsens and @Algorand Solutions Architect @cusma_b ğŸ‘‰  https://t.co/nrQAATrAqF,[],en,[],algorand,176
1439925313887084558,Algorand,239,2021-09-20 12:12:02 UTC,707,"Decipher the future on Algorand. Join the inaugural two-day experience featuring conversations, networking and hands-on sessions that explore future opportunities for blockchain-based solutions in #DeFi, #NFTs &amp; more.   https://t.co/3yJkB44OMz  https://t.co/kPYEcaNzih","['defi', 'nfts']",en,[],algorand,1866
1439601432890597380,Algorand,25,2021-09-19 14:45:02 UTC,112,"Are you attending #Mainnet2021? Donâ€™t miss Algorand CEO @stevekokinos on the main stage this Wednesday, September 22nd for a panel titled, â€˜Gateways to Web3 for Institutions and Enterpriseâ€™ ğŸ‘‰  https://t.co/twOdzNVGhH @MessariCrypto  https://t.co/u6x7Irb4Jh",['mainnet2021'],en,[],algorand,579
1439231492371144705,Algorand,38,2021-09-18 14:15:02 UTC,229,Anthony Scaramucci says #Algorand is â€˜going to be the winnerâ€™ in TradFiâ€™s blockchain push. Read more about our new partnership with @SkyBridge and NAX via @CryptoSlate ğŸ‘‡  https://t.co/AYeU1cTXVF,['algorand'],en,[],algorand,924
1438873116617420807,Algorand,7,2021-09-17 14:30:58 UTC,44,"Now Live! Listen in to the conversation on how digital assets can help bank the unbanked at @GBBCouncilâ€™s virtual #BlockchainCentral UNGA. Featuring @AlpenSheth, @jricetweets, @SimonChantryXI, Ben Tsai and Algorandâ€™s own Nina Tannenbaum.  ğŸ“º  https://t.co/pHN3tv0eYT  https://t.co/NIxSrW3HeV",['blockchaincentral'],en,[],algorand,239
1438861559909044224,Algorand,3,2021-09-17 13:45:03 UTC,34,Only 15 minutes away! Tune into the discussion on the integration of fiat payments in #blockchain games featuring @Venly_io CEO &amp; Co-founder @TimDierckxsens and Algorandâ€™s own @cusma_b ğŸ‘‰  https://t.co/nrQAATrAqF @BGameAlliance  https://t.co/Qej6sCgzjB,['blockchain'],en,[],algorand,227
1438851491847102473,Algorand,15,2021-09-17 13:05:02 UTC,93,"""We are excited that @DroneRaceLeague will leverage #Algorand to create immersive in-game experiences and introduce millions of tech enthusiasts to the possibilities that blockchain can bring to racing &amp; to sports as we know them today.â€ - @stevekokinos ğŸ‘‡  https://t.co/Ft6NaLZPj3",['algorand'],en,[],algorand,477
1438545912167555075,Algorand,18,2021-09-16 16:50:47 UTC,101,"Congrats to @lofty_ai on their 15th tokenized property listing! Built on the #Algorand blockchain, their marketplace enables anyone to become an investor in liquid real estate ğŸ‘‰  https://t.co/t30Fbl8eia  https://t.co/8aWCKoRH9z",['algorand'],en,[],algorand,500
1438534615480913921,Algorand,5,2021-09-16 16:05:53 UTC,55,Congratulations to @artorycom on their recent fundraise! Artory will leverage the #Algorand blockchain to power their tokenization platform and bring #NFTs of physical artworks to market ğŸ™Œ,"['algorand', 'nfts']",en,[],algorand,288
1438500170426208256,Algorand,11,2021-09-16 13:49:01 UTC,91,New Blog! Learn about @arringtonXRPcapâ€™s take on why #Algorand will help push blockchain technology into a new era ğŸ‘‰  https://t.co/n9mWK0IT8x  https://t.co/Lr9WAd7pxX,['algorand'],en,[],algorand,422
1438126539271462917,Algorand,3,2021-09-15 13:04:20 UTC,41,.@wsford LIVE at @SALTConference with @CoinDesk:,[],en,[],algorand,253
1437851724912463875,Algorand,25,2021-09-14 18:52:19 UTC,189,"â€œAfter doing extensive research, it became clear that Algorand is going to have a very big future in #DeFi.â€ - @Scaramucci   Tune into the live discussion with @stevekokinos,  @Jeffschumacher4 and @sarahkunst at @SALTConference ğŸ‘‰ https://t.co/8MdssZdcJZ  https://t.co/P8hxWRuANa",['defi'],en,[],algorand,744
1437766834883813380,Algorand,15,2021-09-14 13:15:00 UTC,100,".@DroneRaceLeague will bring to life next generation fan experiences on Algorand! Unveiling blockchain-enabled ticketing, collectables, #NFTs, and welcome developers to #Algorand hackathon events at DRL races around the world ğŸ‘‰  https://t.co/mCxb9MaJ2E #DRLxAlgorand  https://t.co/RWbwcdpXSQ","['nfts', 'algorand', 'drlxalgorand']",en,[],algorand,494
1437730863710605312,Algorand,67,2021-09-14 10:52:04 UTC,318,"We are excited to announce that @DroneRaceLeague, the worldâ€™s premier, professional drone racing property, will leverage Algorandâ€™s #blockchain technology to disrupt the sports and gaming world ğŸ‘‰  https://t.co/enLz6wWCKB #DRLxAlgorand  https://t.co/L3LRLAcnmv","['blockchain', 'drlxalgorand']",en,[],algorand,1292
1437501798835707904,Algorand,13,2021-09-13 19:41:50 UTC,143,".@sendwyre is powering simple payment solution integrations for projects across the #Algorand ecosystem! Developers building on Algorand will be able to easily deploy Wyreâ€™s robust APIs, dramatically accelerating their appâ€™s go to market timelines ğŸ‘‰  https://t.co/3iYdFWuh6m  https://t.co/WislbKFOCo",['algorand'],en,[],algorand,639
1437418590676914180,Algorand,70,2021-09-13 14:11:12 UTC,368,"JUST IN: @SkyBridge announced a new $250M fund to accelerate #dApp growth on Algorand! Focusing on new financial applications across North America and the Middle East, this initiative will unlock a new wave of #DeFi applications on Algorand ğŸ‘‰  https://t.co/bQBRRiOaQb  https://t.co/JDvRKvr8s1","['dapp', 'defi']",en,[],algorand,1299
1437396841679794176,Algorand,21,2021-09-13 12:44:47 UTC,207,"â€œ#Algorand is going to be the winner in building the backbone for what institutions need and financial services companies need."" - @Scaramucci  More on this new partnership with @SkyBridge via @CNBC ğŸ‘‡",['algorand'],en,[],algorand,800
1437390022416732164,Algorand,22,2021-09-13 12:17:41 UTC,220,.@emoney_com announced a new integration that will support fully backed European stablecoins across the #Algorand ecosystem! This integration will expand overall access and drive adoption of Algorand-based applications for users across Europe ğŸ‘‰  https://t.co/L8MHE7y0tp  https://t.co/EnhCLkK7L1,['algorand'],en,[],algorand,789
1437140214716239874,Algorand,12,2021-09-12 19:45:02 UTC,94,Explore the design of this Tic-Tac-Toe game on the #Algorand blockchain! This #dApp example demonstrates how to implement a stateful smart contract  to track game state and gaming logic ğŸ‘‰  https://t.co/c0l8FbdAR5,"['algorand', 'dapp']",en,[],algorand,509
1437059682477223939,Algorand,18,2021-09-12 14:25:02 UTC,174,"ICYMI: Algorand welcomed aorist, a next generation cultural institution &amp; #NFT marketplace empowering artists with the Algorand #blockchain! Read more about the upcoming launch of this revolutionary platform ğŸ‘‡  https://t.co/9h4ImHNGSu","['nft', 'blockchain']",en,[],algorand,784
1436770276956676097,Algorand,15,2021-09-11 19:15:02 UTC,244,New Blog! Discover how #Algorand is able to provide a scalable and #sustainable blockchain ecosystem thanks to its innovative tech stack ğŸ‘‰  https://t.co/llpm3NwrsF  https://t.co/Qtus3k7mme,"['algorand', 'sustainable']",en,[],algorand,702
1436694782152220677,Algorand,30,2021-09-11 14:15:03 UTC,304,"""We needed technology that was robust enough to handle the needs of an entire nation. We found that in #Algorand, a proven blockchain that meets our rigorous requirements for speed, security &amp; stabilityâ€ - @leoelduayen, CEO &amp; Founder @koibanx  Read more ğŸ‘‡  https://t.co/26roChNeMd",['algorand'],en,[],algorand,1107
1436356893316993041,Algorand,30,2021-09-10 15:52:24 UTC,232,"Algorand continues to empower national initiatives across #LatAm and beyond! Today, the government of Colombia announced they will leverage Vitalpass as the countryâ€™s official digital vaccination passport, built by @koibanx &amp; @Auna_Oficial on Algorand ğŸ‘‰  https://t.co/KCSbNc9RwE  https://t.co/nal2WQmZed",['latam'],en,[],algorand,934
1436308180389310472,Algorand,38,2021-09-10 12:38:50 UTC,281,The @AlgoFoundation has launched a $300 Million fund to fuel the growth of the Algorand #DeFi ecosystem ğŸ™Œ,['defi'],en,[],algorand,1192
1436072630839349248,Algorand,8,2021-09-09 21:02:50 UTC,86,Create and test smart contracts using #PyTeal and the #Python Algorand SDK! This new tutorial walks through how to add a testing module to your smart contract development workflow ğŸ‘‰  https://t.co/Di1Xr5Lhpx,"['pyteal', 'python']",en,[],algorand,427
1436042993845383176,Algorand,6,2021-09-09 19:05:04 UTC,72,"Join Algorandâ€™s @barryf57 tomorrow at @BlockchainRealE! Donâ€™t miss this action packed all day event featuring the pioneers of #blockchain real estate, real estate #tokenization, #NFTs &amp; more.  Register now to attend online or in person ğŸ‘‰  https://t.co/yDAdX5UHvE  https://t.co/Uo7TjWYe3h","['blockchain', 'tokenization', 'nfts']",en,[],algorand,337
1435989817603600395,Algorand,19,2021-09-09 15:33:46 UTC,145,".@algodeskio V/2.0 is now live on #Algorand MainNet! The new release consists of a full integration of the official Algorand Mobile Wallet, @myalgo_ and #AlgoSigner, allowing users to tokenize anything in minutes on the Algorand #blockchain.   Learn more ğŸ‘‡ https://t.co/6rWUVzn9kP","['algorand', 'algosigner', 'blockchain']",en,[],algorand,616
1435728410156883971,Algorand,16,2021-09-08 22:15:02 UTC,77,"Congratulations to @IBFNet, whose latest #Algorand-based project, Confluence, has been accepted into the FIKRA Islamic Fintech Accelerator, a joint initiative of @SecComMY and @UNCDFdigital. Read more ğŸ‘‡  https://t.co/dYf1NNCIW2",['algorand'],en,[],algorand,416
1435697929730277377,Algorand,2,2021-09-08 20:13:55 UTC,60,"Earlier today, aorist founders @pablorfraile and @andreabonac_art joined a roundtable to discuss why aorist was born, what sets them apart from other #NFT platforms and why they chose #Algorand.   Watch the replay ğŸ‘‰  https://t.co/3MEerY1BDk @5vieartdesign #5VIEDESIGNWEEK2021","['nft', 'algorand', '5viedesignweek2021']",en,[],algorand,286
1435631905832112139,Algorand,9,2021-09-08 15:51:33 UTC,68,Don't miss the #Algorand Crypto Cup in New York next week!,['algorand'],en,[],algorand,456
1435622682763083779,Algorand,9,2021-09-08 15:14:54 UTC,84,"New Blog! @AB2_Gallery is a decentralized #NFT marketplace that operates on the Algorand blockchain. Developed by Khoa Tran, read on to learn about how AB2 Gallery was created and why they chose to build on #Algorand ğŸ‘‰  https://t.co/kdqcm7fRPy  https://t.co/FOmFeMLagW","['nft', 'algorand']",en,[],algorand,400
1435537373530664960,Algorand,17,2021-09-08 09:35:55 UTC,137,".@MEXC_Global and @YieldlyFinance collaborate to become a vertically integrated staking, NFT and listing launchpad for ASA tokens. Brings cross-chain bridge to external DeFi ecosystems, including Ethereum, Polygon &amp; Binance Smart Chain, extending liquidity &amp; fostering adoption.ğŸ”¥",[],en,[],algorand,606
1435358396627234817,Algorand,5,2021-09-07 21:44:44 UTC,69,"Build a complete mobile app using @kotlin and the @java Algorand SDK! In this tutorial, go beyond payments and explore smart contracts with source code ğŸ‘‰  https://t.co/v2WMbk2F9Q",[],en,[],algorand,386
1435270393716162562,Algorand,1,2021-09-07 15:55:02 UTC,36,"Starting in 5 minutes! Tune into Algorandâ€™s #developer office hour for an inside look at @RussFustinoâ€™s gaming #dApp built with @reachlang as well as demos on #TEAL4 support for looping, subroutines and much more.  Join now ğŸ‘‰  https://t.co/NtMg09qDwX  https://t.co/orYvahQWrU","['developer', 'dapp', 'teal4']",en,[],algorand,208
1435229524300496902,Algorand,12,2021-09-07 13:12:38 UTC,87,"ICYMI: @FolksFinance joined Algorand's rapidly expanding #DeFi ecosystem! Built on top of the Algorand blockchain, their capital markets protocol for borrowing and lending will bring reliable and affordable DeFi services to the masses ğŸ‘‡  https://t.co/jsh1gj6FNE",['defi'],en,[],algorand,639
1434975211774939139,Algorand,90,2021-09-06 20:22:05 UTC,323,"#Algorand is empowering a new creator economy and today welcomes aorist, a next generation cultural institution &amp; #NFT marketplace empowering artists with Algorandâ€™s blockchain! Founded by @pablorfraile, @andreabonac_art &amp; @xcaminos ğŸ‘‰  https://t.co/wvUS5JGerJ  https://t.co/pUihFMFRWS","['algorand', 'nft']",en,[],algorand,1330
1434922364375085058,Algorand,3,2021-09-06 16:52:05 UTC,46,Donâ€™t miss Algorandâ€™s #developer office hour tomorrow at 12pm EDT! This session will feature demos on the latest #PyTeal release as well as a presentation by @RussFustino on his gaming #dApp built with @reachlang.  Save your spot now ğŸ‘‰  https://t.co/b45SG4ELBH  https://t.co/9HQkjdULut,"['developer', 'pyteal', 'dapp']",en,[],algorand,233
1434865245458214921,Algorand,4,2021-09-06 13:05:07 UTC,59,"Applications are open until Sept 19th for @borderless_cap &amp; @rokk3r_inc's #Algorand Miami Accelerator!  Funding, workshops, advisory sessions, &amp; personalized mentorship will support each selected project's development over the 10-week program.  Apply ğŸ‘‰  https://t.co/kIywCD7T0a  https://t.co/SV34gQrz4e",['algorand'],en,[],algorand,250
1434520451829714948,Algorand,11,2021-09-05 14:15:02 UTC,95,ICYMI: The Algorand blockchain is fully supported by @ZenLedgerIO! #Algorand users can now securely connect their transactions to ZenLedger to easily manage their crypto portfolio and generate their tax forms. Learn more ğŸ‘‡  https://t.co/Dh26yYISqr,['algorand'],en,[],algorand,497
1434505633965936644,Algorand,0,2021-09-05 13:16:09 UTC,0,@LeMansVirtual @ROLEX @TMThrustmaster @goodyear @LEGO_Group @TotalEnergies Excited that Algorand is the official blockchain of Le Mans and look forward to partnering with the team to create blockchain-based experiences for fans!  ğŸ,[],en,[],algorand,6
1434233563344482316,Algorand,4,2021-09-04 19:15:02 UTC,34,"Tune into our next #developer office hour on Tuesday for live demos featuring:  - An Algorand gaming #dApp built with @reachlang - #TEAL4 support for for looping, subroutines &amp; much more  Save your spot here ğŸ‘‰  https://t.co/b45SG4ELBH  https://t.co/X3J30hPQzP","['developer', 'dapp', 'teal4']",en,[],algorand,170
1434163096080338949,Algorand,21,2021-09-04 14:35:02 UTC,159,ICYMI: El Salvadorâ€™s government signed an agreement with @koibanx to develop the countryâ€™s #blockchain infrastructure on top of #Algorand. More via @CoinDesk ğŸ‘‡  https://t.co/wzfCMR6iG9,"['blockchain', 'algorand']",en,[],algorand,700
1433891305189478413,Algorand,3,2021-09-03 20:35:02 UTC,43,"Missed #Algofest? Watch the replays with @RealMontyAllen and @Coop_Daniels on YouTube!  AMAs featuring @kelicallaghan, @opulousapp, @YieldlyFinance, @AlgodexOfficial, @algofiorg, @Algomint_io, @SmilecoinUS &amp; @algo_pulse are available to watch here ğŸ‘‰  https://t.co/EngjBl18yH",['algofest'],en,[],algorand,185
1433853561285251073,Algorand,2,2021-09-03 18:05:03 UTC,55,"Check out the new release of Algo Builder! The update features a new web package providing high level functionality to both webapp and #dapp projects. @typescript, #AlgoSigner and #TEAL4 are now widely supported throughout ğŸ‘‰  https://t.co/G8xrTKDVyG","['dapp', 'algosigner', 'teal4']",en,[],algorand,292
1433814567478497306,Algorand,9,2021-09-03 15:30:06 UTC,58,The latest Algorand Wallet release features an integration with @WalletConnect! Providing Algorand #dApp developers with the ability to enable mobile transaction signing options.  Get started here ğŸ‘‰  https://t.co/66BWk9nfmv  https://t.co/tI3zCPhWhU,['dapp'],en,[],algorand,371
1433779808052334601,Algorand,1,2021-09-03 13:11:59 UTC,29,"Hey developers, donâ€™t miss your chance to support the community content creators on #Algorand! Only 2 days left to vote for your favorite @gitcoin bounty content on the #developer portal.  Vote now ğŸ‘‰  https://t.co/cabVDzxhyB  https://t.co/vxicfWhb9M","['algorand', 'developer']",en,[],algorand,180
1433543542656454660,Algorand,42,2021-09-02 21:33:09 UTC,271,"â€œBuilding on #Algorand enables &lt; $0.01 transactions compared to ~$15 or more on other incumbent networks.â€ - @jaclarke__, Co-founder @algofiorg   Read more on the upcoming launch of Algofi's #decentralized lending market on the Algorand blockchain ğŸ‘‡  https://t.co/TFZgnrzDbK #DeFi","['algorand', 'decentralized', 'defi']",en,[],algorand,1623
1433482551121809413,Algorand,1,2021-09-02 17:30:47 UTC,27,"Join our upcoming #developer office hour on Tuesday, September 7th! This session will feature demos on the latest #PyTeal release as well as a presentation by @RussFustino on his gaming #dApp built with @reachlang.  Sign up here ğŸ‘‰  https://t.co/b45SG4ELBH  https://t.co/huvVWcqBA0","['developer', 'pyteal', 'dapp']",en,[],algorand,156
1433421976564011010,Algorand,10,2021-09-02 13:30:05 UTC,65,New Blog! Web 3.0 has become one of the most talked-about digital trends of the decade. Read on to learn more about the role of #blockchain &amp; crypto in Web 3.0  and how it will transform #finance ğŸ‘‰  https://t.co/m9AOhXypSv  https://t.co/X0xfy577m8,"['blockchain', 'finance']",en,[],algorand,331
1433184082649927681,Algorand,2,2021-09-01 21:44:47 UTC,33,"Hey #developers  â€”  @UseExpressJS with the @JavaScript Algorand SDK! A popular web framework for quickly building APIs, follow this solution to learn how to quickly integrate with the #Algorand blockchain ğŸ‘‰  https://t.co/c654EiL2Hp","['developers', 'algorand']",en,[],algorand,141
1433090606042075144,Algorand,3,2021-09-01 15:33:20 UTC,37,"Happy #Algofest! Check out the amazing lineup of AMAs organized by the Algorand community ğŸ‘‰ https://t.co/GZ5OzlgkV6  ğŸ“º Live stream with @opulousapp, @RealMontyAllen and @Coop_Daniels is happening now ğŸ‘‰  https://t.co/ZScoyJi7eX @AlgonautsO",['algofest'],en,[],algorand,156
1433075787465469956,Algorand,8,2021-09-01 14:34:27 UTC,93,"Welcome to the Algorand ecosystem, @FerrumNetwork!",[],en,[],algorand,426
1433061463929786379,Algorand,2,2021-09-01 13:37:32 UTC,34,.@defialliance has launched their first #gaming accelerator! Learn how you can apply below ğŸ‘‡,['gaming'],en,[],algorand,177
