created_at,tweet,username,hashtags,cashtags,retweets_count,likes_count,replies_count,coin
2021-10-25 06:54:56 UTC,$500 binance coin $BNB soon!,altcoindailyio,[],['bnb'],46,746,107,BNB
2021-11-22 14:55:01 UTC,üì¢ #cz_binance disclosed that #Binance US is set to complete a public offering to raise funds.  #BNB #BinanceUS #BinanceCoin #Crypto #BinanceCoin  https://t.co/6qGeouleQB,bnbswap,"['cz_binance', 'binance', 'bnb', 'binanceus', 'binancecoin', 'crypto', 'binancecoin']",[],12,52,46,BNB
2021-11-16 03:34:30 UTC,"üì¢  has been listed on !  Users can stake their #BNB, $AVAX &amp; #BUSD tokens into separate pools to farm $QI tokens over 30 days! ‚ÑπÔ∏è Total Launchpool Supply: 22,000,000 #QI  More details üëá  https://t.co/JyABIuVL9d  #Binance #Binancecoin $BNB #AVAX #Staking  https://t.co/wdPuhqyTR7",bnbswap,"['bnb', 'busd', 'qi', 'binance', 'binancecoin', 'avax', 'staking']","['avax', 'qi', 'bnb']",7,36,57,BNB
2021-11-08 16:31:26 UTC,Top 10  Projects By Highest Social Signal üî•  1  $CAKE 2  $CATE 3 #Binancecoin $BNB 4  $NFTBS 5  $HAM 6  $LZ 7  $NFTB 8  $FEG 9  $BSCS 10  $RISE  #BSC #BNBswap #BSCGem  https://t.co/JUqF83Nx7V,bnbswap,"['binancecoin', 'bsc', 'bnbswap', 'bscgem']","['cake', 'cate', 'bnb', 'nftbs', 'ham', 'lz', 'nftb', 'feg', 'bscs', 'rise']",420,965,843,BNB
2021-11-06 08:17:37 UTC,üì¢  has hired a former  agent to head up its suspicious activity monitoring.  #Binance #BNB #BSC $BNB #Binancecoin #BinanceNFT #CryptoNews  https://t.co/9Eg9QcoGK6,bnbswap,"['binance', 'bnb', 'bsc', 'binancecoin', 'binancenft', 'cryptonews']",['bnb'],7,38,28,BNB
2021-10-27 13:33:55 UTC,üì¢  app now support #BSC   SwissBorg now enabled the #BinanceSmartChain (#BEP20) network for all Binance Coin #BNB transfers.  #Binance #BSCgem $BNB #BSCGems #Altcoin #CHSB  #BinanceCoin  https://t.co/ieMVaAhYGj,bnbswap,"['bsc', 'binancesmartchain', 'bep20', 'bnb', 'binance', 'bscgem', 'bscgems', 'altcoin', 'chsb', 'binancecoin']",['bnb'],150,529,102,BNB
2021-10-26 14:40:41 UTC,üì¢ Top 10  Projects By Highest Social Signalüî•  1  $CAKE 2  $NFTBS 3  $NFTB 4  $HAM 5 #BinanceCoin #BNB 6  $FEG 7  $CATE 8  #HERO 9  $TREES 10  $HERO  #BSC #BSCGems  https://t.co/0ysLspHIIZ,bnbswap,"['binancecoin', 'bnb', 'hero', 'bsc', 'bscgems']","['cake', 'nftbs', 'nftb', 'ham', 'feg', 'cate', 'trees', 'hero']",301,637,569,BNB
2021-10-25 16:12:37 UTC,ICYMI: #BinanceSmartChain proposal would see an ongoing burn like Ethereum‚Äôs EIP-1559  #Binance #BSC #BNB $BNB #BinanceCoin #BNBburn #BEP95  https://t.co/tKd9yykgHj,bnbswap,"['binancesmartchain', 'binance', 'bsc', 'bnb', 'binancecoin', 'bnbburn', 'bep95']",['bnb'],13,55,38,BNB
2021-10-23 06:23:59 UTC,A new #Binance Evolution Protocol plans to introduce a burning mechanism that will reduce the amount of #BNB in order to lower its supply and increase demand.  #BSC #Binance #BinanceSmartChain #BinanceCoin $BNB #BNBswap #BEP95  https://t.co/ZIQ0FkqL6p,bnbswap,"['binance', 'bnb', 'bsc', 'binance', 'binancesmartchain', 'binancecoin', 'bnbswap', 'bep95']",['bnb'],37,119,66,BNB
2021-10-22 12:02:57 UTC,"üì¢  has introduced #BEP95 proposal with a real-time #BNB burning mechanism üî•üî•  This burning mechanism would further reduce $BNB supply; thus, increasing demand would drive the #BinanceCoin value higher.  More Details üëá  https://t.co/03XF8yzCRE  #BSC #Binance #Bep20  https://t.co/r2nFJWM8jq",bnbswap,"['bep95', 'bnb', 'binancecoin', 'bsc', 'binance', 'bep20']",['bnb'],23,87,65,BNB
2021-10-18 15:10:11 UTC,"üì¢  Completes 17th Quarterly #BNB Burn üî•üî•üî•  ‚úÖ $639 Million USD ( 1,335,888 #BNB) has been burned! üî•üî•   ‚úÖ Tx Link:  https://t.co/giLYpkBF8S  ‚û°Ô∏è  https://t.co/4wDOU4oDSf  #Binance $BNB #BNBBurn #BSC #BinanceSmartChain #BinanceCoin #bnbusdt  https://t.co/D3vYLquYww",bnbswap,"['bnb', 'bnb', 'binance', 'bnbburn', 'bsc', 'binancesmartchain', 'binancecoin', 'bnbusdt']",['bnb'],22,80,60,BNB
2021-10-04 14:04:03 UTC,TOP #BinanceSmartChain Projects With Highest BULLISH Sentiment üî•  1  $CAKE 2  $LZ 3 #BinanceCoin #BNB 4  (#100X) $ALTB 5  $MATH 6  $ZARD 7  $FEG 8  $BSCS 9  $HERO 10  $LEOS  https://t.co/CnGv4jR2D8,bnbswap,"['binancesmartchain', 'binancecoin', 'bnb', '100x']","['cake', 'lz', 'altb', 'math', 'zard', 'feg', 'bscs', 'hero', 'leos']",325,451,176,BNB
2021-10-03 11:51:35 UTC,üì¢ Top 10 #BSC Projects With Highest Social Engagement (24H) üî•üî•  1  $CAKE 2   $LEOS 3 #BinanceCoin $BNB 4  $LZ 5  $KEYFI 6  $YSOY 7  $BANANA 8  #HERO3 9   10  $YOOSHI  https://t.co/72jKsJOmkn,bnbswap,"['bsc', 'binancecoin', 'hero3']","['cake', 'leos', 'bnb', 'lz', 'keyfi', 'ysoy', 'banana', 'yooshi']",211,651,157,BNB
2021-09-29 13:46:21 UTC,üì¢ TOP #BinanceSmartChain Projects With Highest BULLISH Sentiment üî•üî•  1  $CAKE 2 #Binancecoin $BNB 3  $LZ 4  $FEG 5  $KALM 6  $HERO 7  #HERO 8  $RISE 9  $BANANA 10  $BARMY  https://t.co/LAI2i4EYYJ,bnbswap,"['binancesmartchain', 'binancecoin', 'hero']","['cake', 'bnb', 'lz', 'feg', 'kalm', 'hero', 'rise', 'banana', 'barmy']",35,93,26,BNB
2021-09-25 13:58:14 UTC,Top 10  Project with the Highest Social Engagement üî•  1  $CAKE 2 #BinanceCoin $BNB 3  $ANY 4  $ONT 5  $DODO 6  $GRT 7  $UNFI 8  $AVA 9  $REEF 10  $DEXE  https://t.co/vBVwZFjBnB,bnbswap,['binancecoin'],"['cake', 'bnb', 'any', 'ont', 'dodo', 'grt', 'unfi', 'ava', 'reef', 'dexe']",57,177,45,BNB
2021-09-17 12:12:24 UTC,"Binance Coin 4-year return a whopping 42,600% üî• - Financial Mirror  #BNB üí™  #Binance #BinanceSmartChain #BinanceCoin #BSC $BNB  https://t.co/C4EOTslFnW",bnbswap,"['bnb', 'binance', 'binancesmartchain', 'binancecoin', 'bsc']",['bnb'],50,85,13,BNB
2021-11-26 12:30:00 UTC,TOP BSC PROJECTS MENTIONED THE MOST ON TWITTER ‚Äº  $CAKE  $TCT  $NFTBS  $BSCS  $CATE  $SFUND  $BNB  $HAM  $FEG   #BSCGems  https://t.co/gHRzSIBOMj,bsc_daily,['bscgems'],"['cake', 'tct', 'nftbs', 'bscs', 'cate', 'sfund', 'bnb', 'ham', 'feg']",563,1332,434,BNB
2021-11-05 13:00:00 UTC,TOP BSC PROJECTS BY ALTRANK ‚Äº   $ICE  $ONT  $CAKE  $BNB  $KABOSU  $SPE  $SFUND  $BSCS  $ANY  $HAM  #BSC  https://t.co/2EppxYuu1E,bsc_daily,['bsc'],"['ice', 'ont', 'cake', 'bnb', 'kabosu', 'spe', 'sfund', 'bscs', 'any', 'ham']",214,596,571,BNB
2021-11-05 10:00:01 UTC,TOP BSC PROJECTS MENTIONED THE MOST ON TWITTER üì¢  $CAKE  $CATE  $NFTB  $NFTBS  $YOOSHI  $LZ  $HAM  $BNB  $FEG  $TREES   #BSC  https://t.co/mAeV66dE9p,bsc_daily,['bsc'],"['cake', 'cate', 'nftb', 'nftbs', 'yooshi', 'lz', 'ham', 'bnb', 'feg', 'trees']",645,1659,995,BNB
2021-10-29 13:30:00 UTC,TOP BSC PROJECTS BY ALTRANK ‚Äº  1.  $HAM 2.  $YOOSHI 3.  $BNB 4.  $CUMMIES 5.  $HERO 6.  $SPE 7.  $FEG 8.  $ASS 9.  $SAFEMARS 10.  $POSI  #BSC  https://t.co/5DdmalAsFb,bsc_daily,['bsc'],"['ham', 'yooshi', 'bnb', 'hero', 'spe', 'feg', 'ass', 'posi']",663,1693,901,BNB
2021-10-22 13:00:03 UTC,TOP BSC PROJECTS MENTIONED THE MOST ON TWITTER ‚Äº  $CAKE  $NFTBS  $POP2  $MBOX  $LEOS  $BNB  $FEG  $HAM  $BSCS  $LZ   #BSC  https://t.co/AhcjCjQ0wI,bsc_daily,['bsc'],"['cake', 'nftbs', 'mbox', 'leos', 'bnb', 'feg', 'ham', 'bscs', 'lz']",421,953,735,BNB
2021-10-15 13:30:00 UTC,TOP BSC PROJECTS MENTIONED THE MOST ON TWITTER  $CAKE  $LEOS  $FEG  $HAM  $GAIN  $BSCX  $BNB  $CATE  $HERO  $MONSTA    #BSC  https://t.co/iJjWS5dOuN,bsc_daily,['bsc'],"['cake', 'leos', 'feg', 'ham', 'gain', 'bscx', 'bnb', 'cate', 'hero', 'monsta']",368,878,492,BNB
2021-09-14 11:30:00 UTC,TOP  Tokens Mentioned The Most On Twitter  1.  2.  3. Binance Coin 4.  5. Binance USD 6.  7.  8.  9.  10.   Source:   https://t.co/Dvtecv8HwT,bsc_daily,[],[],390,598,87,BNB
2021-11-06 13:44:47 UTC,The best decision of my life. Bought $BTC from  OTC counter. Hodled since that day till date. Excellent price of 3300 usd per coin. Let it sink for a minute. They say by the time you will understand it you won't be able to afford it. #btc #Binance  https://t.co/sDx9hFGprC,bull_bnb27,"['btc', 'binance']",['btc'],390,355,252,BNB
2021-11-24 13:40:07 UTC,So proud being owner of one of the Glam #Binance Coin #NFT made by  üî•   Make sure to take a look into his Opensea profile to check all these awesome #NFTs he's creating! üíé  üåê https://t.co/AplD70dUPm  #Crypto #BSC #BNB #BinanceSmarChain    https://t.co/RGMtKNYjD9,crypt0mummy,"['binance', 'nft', 'nfts', 'crypto', 'bsc', 'bnb', 'binancesmarchain']",[],4,39,19,BNB
2021-11-06 15:09:38 UTC,$FEG could be the coin üí™üèªü¶ç,crypt0mummy,[],['feg'],149,564,43,BNB
2021-11-25 09:46:16 UTC,I keep looking at other alts thinking they are doing as good as #bnb and game coins.  They are totally not.  Also $bifi is like the best DeFi coin out there. It's up like 20% from the dip.  Jees we picked the right ones this week.,cryptobethany,['bnb'],['bifi'],5,71,30,BNB
2021-11-25 09:00:15 UTC,"What's $sol doing rn?  There's been a pop to like $ftm, $matic, $bnb, $avax the past like 48 hrs.  But Solana is like idk, in struggle town.  Meme coin $ada is rekt.  This is crypto #5 &amp; #6 sucking rn.  Does it make human sense for Carbano to be ahead of avax - no.",cryptobethany,[],"['sol', 'ftm', 'matic', 'bnb', 'avax', 'ada']",2,51,13,BNB
2021-11-22 08:25:57 UTC,Every #bsc game coin üôå,cryptobethany,['bsc'],[],2,48,4,BNB
2021-11-21 03:09:27 UTC,"Can everyone on CT plz buy $shib again.  Get shib ponzi pumped.  I bought some before bed and I'm down.  I wanna dump it already.  Last dog coin I touch omg wtf is the point in a dog coin, I want my money back and I wanna buy high quality #bnb with it.",cryptobethany,['bnb'],['shib'],3,66,35,BNB
2021-11-12 12:41:41 UTC,"Like Jonesy said.  Do A rumble feature.  Where many of us put in like 0.1 bnb or the $bash coin, then we run about bashing eachother.  The winner of the rumble takes all the coins.",cryptobethany,[],['bash'],0,13,7,BNB
2021-10-12 17:17:25 UTC,"I don't think it is that, they are hujacking every binance tweet and I doubt nance would do videos for a new coin.",cryptobethany,[],[],0,2,1,BNB
2021-10-12 17:15:19 UTC,They wouldn't do video teasers for coin listings.  They never give any hint whatsoever about coin listings.  This is a new binance product IMHO.,cryptobethany,[],[],0,2,0,BNB
2021-09-30 17:54:37 UTC,"A higher priced chain coin like eth/bnb/sol/matic.t.c.  Yields better NFT trading margins.  Like regardless of supply/market cap e.t.c.  If the chains coin is a higher price for 1 coin vs 1 coin.  It's psychological or something, but seems to cause better yields trading NFTs.",cryptobethany,[],[],1,24,11,BNB
2021-09-20 07:23:26 UTC,"Trading NFT's on #bsc should have better profit margins than $sol, because the fees are higher makes ppl think &amp; #bnb is also a higher cost coin.  With that naturally seems to come better margins.  + 0.1 $sol = $14 + 0.1 $bnb =$40  Psychology.  Also 2.3m active PCS users...",cryptobethany,"['bsc', 'bnb']","['sol', 'sol', 'bnb']",5,54,15,BNB
2021-09-07 01:05:14 UTC,Omg I found out nance had $sol coin futures like we did with #bnb   Just had to long it &amp; take extra coins off bears.  Mine now üòù  https://t.co/ovaaizgZDE,cryptobethany,['bnb'],['sol'],0,34,8,BNB
2021-10-13 00:47:27 UTC,$FLOKIN hit safe rebound and is destined for the moon now! This coin has community hype and big names joining in. Find out why #BSC is the best for rebase. Get rewarded in $DOGE.  going big.  üåé  https://t.co/VUTkAqt0Ln üí¨  https://t.co/KUPS2zlX1q  #BNB $BNB $CAKE  https://t.co/CBlWrXqvT1,hulkordie,"['bsc', 'bnb']","['flokin', 'doge', 'bnb', 'cake']",189,444,74,BNB
