likes_count,name,created_at,retweets_count,id,replies_count,hashtags,language,cashtags,tweet,username
263,THEWIZARD ( dont dm u ),2021-11-30 20:46:31 UTC,36,1465784329330638852,32,[],en,"['xtm', 'nftb', 'mlt', 'mtrg', 'brkl', 'vra', 'luna', 'fet']",$XTM  In since $0.9  Lots of updates coming this month and also a tier 1 listing üëÄüèÜ?  Kucoin and huobi are investors  Magic soon  $NFTB $MLT $MTRG $BRKL $VRA $LUNA $FET  https://t.co/Qs47XXsa0y,cryptowizardd
1512,THEWIZARD ( dont dm u ),2021-11-30 18:03:07 UTC,101,1465743207594135561,170,[],en,"['luna', 'fet', 'chz']",This market isnt going away. I see many People be like... wizz i missed $luna $fet $chz and many more.  Much oppurtunities Will come in the future. New projects Will probably do x 100 x 1000 aswell  Stay focus. Have patience,cryptowizardd
1212,THEWIZARD ( dont dm u ),2021-11-30 11:44:22 UTC,107,1465647892606197760,55,[],en,"['luna', 'shiba', 'avax', 'doge']",$LUNA Will flip those 3 soon  $Shiba $avax $doge   Getting into top 10 üåñ,cryptowizardd
1412,THEWIZARD ( dont dm u ),2021-11-28 20:00:38 UTC,74,1465048004533096460,80,[],en,['luna'],Selling my twitter acc going full into $LUNA,cryptowizardd
588,THEWIZARD ( dont dm u ),2021-11-28 19:50:03 UTC,49,1465045340290273287,32,[],en,['luna'],Shitcoin money flows into $luna,cryptowizardd
409,THEWIZARD ( dont dm u ),2021-11-28 19:49:28 UTC,34,1465045193992904717,23,[],en,"['shib', 'luna']",$shib money flowing into $luna,cryptowizardd
392,THEWIZARD ( dont dm u ),2021-11-28 19:49:12 UTC,29,1465045129505423370,11,[],en,"['doge', 'luna']",$DOGE MONEY FLOWING INTO $LUNA,cryptowizardd
18,THEWIZARD ( dont dm u ),2021-11-28 15:54:36 UTC,0,1464986090411106310,0,[],en,[],@N1NSKO @hititshort @Origina76778599 The diff i was shilling luna non stop pleb. Dont come here with this nonsense if u clearly didnt follow me the last 3 years.,cryptowizardd
1482,THEWIZARD ( dont dm u ),2021-11-28 15:08:52 UTC,65,1464974582104965120,124,[],en,['luna'],Do i need to say more ?  $LUNA was trading at $0.10 there  https://t.co/8jP0TOuu5W,cryptowizardd
178,THEWIZARD ( dont dm u ),2021-11-26 19:34:22 UTC,12,1464316620684341254,11,[],en,['luna'],üåñ mike knows  $LUNA,cryptowizardd
1808,THEWIZARD ( dont dm u ),2021-11-26 19:33:45 UTC,179,1464316466405195784,130,[],en,['luna'],My longterm target for $LUNA is $500 +  üåñ,cryptowizardd
965,THEWIZARD ( dont dm u ),2021-11-26 09:14:36 UTC,58,1464160650754773005,145,[],en,"['vra', 'chz', 'enj', 'fet', 'luna', 'floki', 'mlt', 'nftb', 'qrdo', 'matic', 'light', 'trac', 'vgx', 'xrp', 'ada', 'shiba']",For cloud  Shilled 24/7  $VRA at 600 k mc $CHZ at 0.02 $ENJ at 0.10 $FET at 0.008 $luna at 0.10 $floki at 20 mil mc $mlt at $0.03 $NFTB at 0.03 $QRDO at $1 $MATIC below $0.02 $LIGHT Below 0.05 $TRAC below $0.20 $VGX at 0.15  never Shilled $XRP $ADA $SHIBA and those other crap,cryptowizardd
231,THEWIZARD ( dont dm u ),2021-11-23 15:41:18 UTC,21,1463170804867338255,14,[],en,"['luna', 'sd']",More LUNA on Stader = Less in Circulation = LUNA price increases  1+1 =2  üåñ $LUNA $SD,cryptowizardd
129,THEWIZARD ( dont dm u ),2021-11-20 12:35:18 UTC,9,1462036832917590023,27,[],en,"['cws', 'rfox', 'luna', 'vra', 'brkl', 'nftb', 'mlt', 'mtrg']",$CWS  50% almost after 14 hours  Magic is hitting all over the place   $RFOX $LUNA $VRA $BRKL $NFTB $MLT $MTRG  https://t.co/B99CIBU1q8,cryptowizardd
618,THEWIZARD ( dont dm u ),2021-11-16 21:48:25 UTC,47,1460726477301981188,20,['terra'],en,[],UST BY #TERRA on its way to 10 bil  Probably nothing anon,cryptowizardd
515,THEWIZARD ( dont dm u ),2021-11-12 11:37:24 UTC,47,1459123155377733648,17,[],en,['luna'],In other words 3 digits $luna soon,cryptowizardd
233,THEWIZARD ( dont dm u ),2021-11-12 11:37:07 UTC,14,1459123085219610629,8,[],en,['luna'],@stablekwon In other words 3 digits $luna soon,cryptowizardd
368,THEWIZARD ( dont dm u ),2021-11-11 22:02:23 UTC,52,1458918051676573704,60,[],en,"['qrdo', 'luna', 'anc', 'buy']",One of my calls that didnt perform good yet.  But risk reward down here is to good.  this is Just a regular call of me. Means my allocation is small compared to top tier projects such as $QRDO $LUNA $ANC   $BUY  https://t.co/bVwd8NVvQe,cryptowizardd
322,THEWIZARD ( dont dm u ),2021-11-11 21:54:54 UTC,63,1458916166634807304,31,[],en,"['zcx', 'qrdo', 'zcx', 'luna', 'mlt', 'nftb', 'brkl', 'floki']",$ZCX  binance shared liquidity  Smart advisor on board  Token utility   I expect much higher numbers   Baggs loaded   $QRDO $ZCX $LUNA $MLT $NFTB $BRKL $FLOKI  https://t.co/kN34MCKRiD,cryptowizardd
50,THEWIZARD ( dont dm u ),2021-11-11 16:16:17 UTC,0,1458830952935866368,5,[],en,[],They'll be issuing liquid tokens as a representation of your stake. So now you can use the liquid tokens to leverage more¬†$LUNA¬†and restake it again . That earns you more rewards. Do this multiple times and the rewards shoot through the roof.,cryptowizardd
38,THEWIZARD ( dont dm u ),2021-11-11 16:16:17 UTC,2,1458830951606280193,1,[],en,['luna'],They are also adding liquid staking on top. That alone makes Stader a promising project‚Ä¶ But there is more: They solve the 21 days unbonding period. It will still take 21 days to undelegate your¬†$LUNA. But the fun part is that you can use your staked LUNA without unstaking it.,cryptowizardd
168,THEWIZARD ( dont dm u ),2021-11-11 16:04:58 UTC,19,1458828102793109505,15,['terra'],en,[],üëÄ getting some   @TeamKujira defently a good project that is building on #Terra,cryptowizardd
1348,THEWIZARD ( dont dm u ),2021-11-11 06:22:27 UTC,49,1458681509188182024,122,['alhamdulillah'],en,"['luna', 'qrdo', 'mlt', 'nftb', 'floki']",I never showed of on twitter. I dont need to tell y how much millions i made.  However i can say that i outperformed 95% of CT surely.  Stay low. Enjoy life  #Alhamdulillah   $LUNA $QRDO $MLT $NFTB $FLOKI,cryptowizardd
710,THEWIZARD ( dont dm u ),2021-11-10 17:36:38 UTC,41,1458488784387989510,78,[],en,"['luna', 'floki', 'fet', 'vgx']",One of my best investments this year $LUNA X 400  Along with  $FLOKI X 150 $FET X 130 $VGX X 80  HIGHEST ROI  https://t.co/4iBCTpAUOE,cryptowizardd
272,THEWIZARD ( dont dm u ),2021-11-09 17:20:56 UTC,11,1458122445047619588,18,[],en,['luna'],Doubling down   My wallet is gonna make a New ath $LUNA,cryptowizardd
273,THEWIZARD ( dont dm u ),2021-11-09 17:20:38 UTC,11,1458122369512443911,8,[],en,['luna'],@stablekwon Doubling down.  3 digits $luna beoy,cryptowizardd
540,THEWIZARD ( dont dm u ),2021-11-06 21:18:11 UTC,64,1457094989935259656,49,[],en,"['fet', 'fet', 'qrdo', 'sha', 'link', 'luna', 'trac']",$FET  Htf says moon  $fet $qrdo $sha $link $luna $TRAC  https://t.co/TTi7kJztG2,cryptowizardd
374,THEWIZARD ( dont dm u ),2021-11-04 19:56:55 UTC,21,1456349762765086725,16,[],en,['luna'],It is $LUNA üåñ,cryptowizardd
362,THEWIZARD ( dont dm u ),2021-11-04 03:02:46 UTC,14,1456094541874929665,58,[],en,['luna'],Me shilling $Luna around $1 to @Eunicedwong   Good news she bought üòè  At that time i alrdy pulled x 7   ‚è≥‚è≥üåñüåñüåñ  https://t.co/XlALTuSRL0,cryptowizardd
496,THEWIZARD ( dont dm u ),2021-11-04 02:56:45 UTC,51,1456093027878019073,49,[],en,"['luna', 'anc']",$LUNA New ath  $ANC next  If u know u know  https://t.co/UpPjK2UBk7,cryptowizardd
470,THEWIZARD ( dont dm u ),2021-11-03 23:29:33 UTC,38,1456040883850301443,92,[],en,['luna'],Is that the $LUNA moon ?  https://t.co/KiWGyyQ5zL,cryptowizardd
232,THEWIZARD ( dont dm u ),2021-11-02 13:54:28 UTC,22,1455533773840424967,32,[],en,"['cws', 'vra', 'mtv', 'floki', 'nftb', 'mlt', 'fet', 'luna', 'kcs', 'dot', 'atom']",Buying more $CWS down here.  We all gonna make it  Trust the procces  $VRA $MTV $FLOKI $NFTB $MLT $FET $LUNA $KCS $DOT $ATOM  https://t.co/T1GmkfRwvl,cryptowizardd
202,THEWIZARD ( dont dm u ),2021-10-30 21:37:55 UTC,18,1454563239120023556,15,"['terra', 'luna']",en,['orion'],$ORION under $1 is a steal   I expect this to run hard.  #terra #luna #  https://t.co/QrAZfV98lb,cryptowizardd
1185,THEWIZARD ( dont dm u ),2021-10-29 22:46:57 UTC,102,1454218225659621379,104,[],en,"['fet', 'chz', 'luna']",Remember i trade alot of coins. But there is only a few that i BELIEVE Will succeed   1 $FET  2 $CHZ   3 $LUNA  Take profits and make sure u dont hodl the most shitcoins.,cryptowizardd
717,THEWIZARD ( dont dm u ),2021-10-28 23:52:47 UTC,49,1453872403411578884,29,[],en,['luna'],Honest at this point $luna deserves to be alrdy 3 digits.  Soon üåñ‚úÖüèÜ,cryptowizardd
1177,THEWIZARD ( dont dm u ),2021-10-28 20:44:16 UTC,61,1453824961169219584,120,[],en,"['vra', 'floki', 'luna', 'fet']",My 4 biggest winners of 2020/2021  Bought $vra under 1 mil marketcap Bought $floki at 20 mil marketcap Bought $luna below $0.20 Bought $fet below $0.01  Outperformed CT  https://t.co/imPhPQG1N2,cryptowizardd
163,THEWIZARD ( dont dm u ),2021-10-27 23:04:30 UTC,38,1453497865351974920,24,[],en,"['emtrg', 'mtrg', 'mlt', 'floki', 'nftb', 'fet', 'luna', 'mtrg', 'qrdo']",$EMTRG $MTRG  thats the tweet... save it homies. Back at ya soon.  $MLT $FLOKI $NFTB $FET $LUNA $MTRG $QRDO  https://t.co/BSk9KaAAt6,cryptowizardd
414,THEWIZARD ( dont dm u ),2021-10-27 23:00:37 UTC,42,1453496887064080384,56,"['few', 'bsc']",en,"['floki', 'doge', 'shiba', 'luna', 'fet', 'trac']",Bought $floki at 20 mil marketcap  Passed 1 billion dollar mc today.  Now u understand why my portfolio is outperforming 99.9% ON cryptotwitter   #few  $doge $shiba #bsc $luna $fet $trac,cryptowizardd
1577,THEWIZARD ( dont dm u ),2021-10-27 16:15:51 UTC,133,1453395025681911816,219,[],en,"['shiba', 'doge', 'luna', 'fet', 'chz', 'ftt']",Time that $shiba and $doge money flows into real projects  $LUNA $FET $CHZ $FTT,cryptowizardd
141,THEWIZARD ( dont dm u ),2021-10-26 18:05:26 UTC,59,1453060215356723211,112,"['giveaway', 'terranfts', 'dreamscapes', 'dreamscapes', 'terranfts']",en,"['luna', 'luna']","15 $LUNA #Giveaway, 3 winners!   @EDDASWAP  is auctioning 7 limited edition #TerraNFTs called #Dreamscapes on the 3rd November at  @randomearth_io   1) Follow @EDDASWAP  2) Quote tweet their pinned tweet with #Dreamscapes &amp; #TerraNFTs  3) Tag 2 fellow $LUNA community friends!",cryptowizardd
715,THEWIZARD ( dont dm u ),2021-10-26 17:00:42 UTC,77,1453043925955006471,26,[],en,['luna'],$LUNA about to show who s real King of the jungle  https://t.co/xH26re7O39,cryptowizardd
44,THEWIZARD ( dont dm u ),2021-10-26 00:50:40 UTC,1,1452799808507367426,29,"['nfts', 'terra', 'nfts']",en,[],What #NFTs should i look into  Check out this one on #terra  I Will keep all my #NFTs   Broke or rich üèÜ  @thekwoonies,cryptowizardd
129,THEWIZARD ( dont dm u ),2021-10-25 20:23:46 UTC,20,1452732638876348417,15,['terra'],en,['tland'],$TLAND  üëÄüöÄ‚úÖ  coming soon to #Terra,cryptowizardd
396,THEWIZARD ( dont dm u ),2021-10-24 23:08:06 UTC,52,1452411608416886789,23,[],en,['luna'],u know $50 + $luna is coming üåñüöÄ,cryptowizardd
84,THEWIZARD ( dont dm u ),2021-10-22 03:45:32 UTC,6,1451394261929365504,10,['terra'],en,[],üëÄ bullish on @staderlabs build on #terra   Read and find out üëá,cryptowizardd
195,THEWIZARD ( dont dm u ),2021-10-20 22:40:27 UTC,19,1450955096766943241,9,[],en,[],This one Will fly @Terra_Land on @StarTerra_io,cryptowizardd
598,THEWIZARD ( dont dm u ),2021-10-20 18:28:33 UTC,29,1450891704492609542,20,[],en,['luna'],$LUNA baggs still going strong  Your army leader üåñ,cryptowizardd
1971,THEWIZARD ( dont dm u ),2021-10-20 17:40:44 UTC,177,1450879673957761034,230,[],en,"['btc', 'luna', 'fet', 'ftt', 'chz']",Its not $btc that Will make u rich.  Its the few alts that Will have an insane run after this  Choose wise  üëÄüêê  $LUNA $FET $FTT $CHZ,cryptowizardd
437,THEWIZARD ( dont dm u ),2021-10-20 04:34:31 UTC,56,1450681813853216770,17,[],en,['luna'],In other words $1000 $luna is coming,cryptowizardd
87,THEWIZARD ( dont dm u ),2021-10-19 22:15:13 UTC,5,1450586359199113216,8,['terra'],en,['tland'],$TLAND üëÄ   ON #TERRA IS COMING üëç,cryptowizardd
240,THEWIZARD ( dont dm u ),2021-10-19 15:40:56 UTC,40,1450487136990416897,27,[],en,"['trac', 'trac', 'mlt', 'nftb', 'reva', 'luna', 'fet', 'qrdo', 'fcl']",$TRAC been accumulating this for long time.   All i say i Enjoy the profits soon  $TRAC $MLT $NFTB $REVA $LUNA $FET $QRDO $FCL  https://t.co/hDAtJdxD2v,cryptowizardd
184,THEWIZARD ( dont dm u ),2021-10-18 14:05:52 UTC,17,1450100821576896516,12,['terra'],en,['tland'],Buy real estates with $TLAND   Next level project building on #terra,cryptowizardd
120,THEWIZARD ( dont dm u ),2021-10-16 16:25:12 UTC,10,1449411112143818754,11,['terra'],en,[],Amazing project launching on #terra  Eyes on it üëÄ  Big backers aswell,cryptowizardd
778,THEWIZARD ( dont dm u ),2021-10-16 15:10:18 UTC,42,1449392262748717060,55,[],en,"['fet', 'luna']",From the begin i had $FET AND $LUNA in my name  2 of the best performing coins of 2021  Say no more  https://t.co/YToFb3YN9c,cryptowizardd
186,THEWIZARD ( dont dm u ),2021-10-15 12:26:14 UTC,21,1448988587031150613,15,['terra'],en,[],Another project launching on #terra eyes on this one,cryptowizardd
678,THEWIZARD ( dont dm u ),2021-10-14 20:29:43 UTC,71,1448747871851929607,45,[],en,['luna'],3 digit $luna is programmed   Never doubt the WIZZ SPELL.  https://t.co/zwrV6Ieyuu,cryptowizardd
107,THEWIZARD ( dont dm u ),2021-10-13 19:53:47 UTC,10,1448376440383320064,22,[],en,"['fcl', 'qrdo', 'vra', 'dot', 'fet', 'orion', 'luna']",Wizz ta  $FCL  SEND IT   $QRDO $VRA $DOT $FET $ORION $LUNA  https://t.co/6jOiwkoy0l,cryptowizardd
266,THEWIZARD ( dont dm u ),2021-10-13 18:56:34 UTC,40,1448362040570126339,39,[],en,"['qrdo', 'vra', 'fcl', 'mlt', 'land', 'light', 'bnb', 'nftb', 'form', 'buy', 'floki', 'fet', 'luna', 'mir', 'anc']",$QRDO  ceo former worker for binance and huobi  Metamask as partner  Coinbase as investor  Say no more see ya at $5  $VRA $FCL $MLT $LAND $LIGHT $BNB $NFTB $FORM $BUY $FLOKI $FET $LUNA $MIR $ANC  https://t.co/s3R9V44AfY,cryptowizardd
2284,THEWIZARD ( dont dm u ),2021-10-08 19:01:50 UTC,164,1446551426352697344,357,[],en,"['matic', 'chz', 'fet', 'luna', 'vra', 'floki', 'nftb', 'light', 'mlt', 'kcs', 'vgx', 'enj', 'xvs', 'ankr', 'wrx', 'idex']",2021 wizard public calls   $Matic at $0.05 $chz at $0.03 $FET at $0.009 $luna at $0.20 $vra at 600 k mc  $floki at 20 mil mc $nftb at 0.03 $light at $0.05 $mlt at $0.05 $kcs under $1 $vgx at $0.08 $enj at $0.10 $xvs at $3 $ankr at 40 mil mc $wrx at $0.10 $idex $0.10  Many more..,cryptowizardd
116,THEWIZARD ( dont dm u ),2021-10-07 14:58:29 UTC,7,1446127799731773451,20,['nfts'],en,[],#NFTs on terra are seriously epic  Checkout @LunaBulls ü¶¨  Give them a follow  https://t.co/EzetgS9bk1,cryptowizardd
275,THEWIZARD ( dont dm u ),2021-10-07 14:21:56 UTC,11,1446118601740611589,30,[],en,['fet'],My portfolio hit another ath. Plebs in disbelief. I could have sold luna at $4 but i kept and its $50 now. I could have sold $fet at 0.17 i kept and is at 0.72 now.  Know your place moonboy. U sold the bottom hence the hate,cryptowizardd
413,THEWIZARD ( dont dm u ),2021-10-05 22:49:51 UTC,37,1445521644483530759,58,[],en,"['fet', 'fet', 'light', 'floki', 'mlt', 'qrdo', 'fcl', 'luna', 'sxp', 'ast', 'pond']",$FET look at the sell volume üëÄ They are trying to shake ya out.  U wont homies  $FET $LIGHT $FLOKI $MLT $QRDO $FCL $LUNA $SXP $AST $POND  https://t.co/14hHB3KDdV,cryptowizardd
367,THEWIZARD ( dont dm u ),2021-10-04 17:28:48 UTC,39,1445078463497523207,33,[],en,"['luna', 'anc']",$LUNA NEW ATH  WENN $ANC ?  ITS PROGRAMMED  https://t.co/Hmg1WXL2yM,cryptowizardd
614,THEWIZARD ( dont dm u ),2021-10-04 13:48:26 UTC,45,1445023006523338756,18,[],en,['luna'],Everyone was thinking i was Just kidding when i was making those gifs back when the lockdowns started  $LUNA üåñ  https://t.co/2cnsJ4DSZA,cryptowizardd
1201,THEWIZARD ( dont dm u ),2021-10-03 17:55:32 UTC,130,1444722804704808969,70,[],en,"['btc', 'luna']",If u believe in 100 k $btc  U better believe in $500 $luna aswell,cryptowizardd
384,THEWIZARD ( dont dm u ),2021-10-03 07:06:56 UTC,17,1444559577819779073,47,[],en,['luna'],Warning: Be aware   Someone missed the boat.  Name : sunny  Class : moonboy  What happens next : Will buy my bags at 3 digits Summary: HFSP  $LUNA üåñ,cryptowizardd
1130,THEWIZARD ( dont dm u ),2021-10-02 22:21:20 UTC,100,1444427305363939328,50,[],en,['luna'],What a beauty.  $LUNA ü§≤üåñ  https://t.co/jIP6yvkxmS,cryptowizardd
367,THEWIZARD ( dont dm u ),2021-10-02 15:13:47 UTC,45,1444319707155292164,35,[],en,"['fet', 'fet', 'luna']",$FET  ZOOM OUT   matter of time before New ath is coming  While others were bussy shilling you shitcoins. I gave you 24/7 $FET AND $LUNA shills  One of the best performing coins this cycle.  https://t.co/VMfZhHUt2N,cryptowizardd
574,THEWIZARD ( dont dm u ),2021-10-02 15:08:47 UTC,40,1444318450113994752,48,[],en,"['ftt', 'fet', 'luna', 'anc']",$FTT  $FET $LUNA $ANC  bussy re accumulating an old og coin i called in the past  MAINBAGGS üíóü§≤,cryptowizardd
192,THEWIZARD ( dont dm u ),2021-10-01 21:54:11 UTC,12,1444058085685874695,6,[],en,['luna'],He ment wizard cloud chasers  $LUNA  https://t.co/PI1ovYuW1O,cryptowizardd
493,THEWIZARD ( dont dm u ),2021-10-01 18:15:56 UTC,12,1444003160662622214,49,[],en,['luna'],Yo wizard u might wanna look into $LUNA   Bruh. I almost invented that coin  https://t.co/RTnj5LWUGR,cryptowizardd
775,THEWIZARD ( dont dm u ),2021-10-01 04:19:18 UTC,32,1443792613912588295,75,[],en,"['luna', 'vgx', 'chz', 'matic', 'enj', 'vra', 'floki', 'nftb', 'xvs', 'idex', 'kcs', 'xcad']",If someone ever call me out then sorry for scamming ya al into   $luna since $0.10 $vgx since $0.15 $chz since $0.03 $matic since $0.05 $enj since $0.10 $vra under 1 mil mc $floki under 25 mil mc $nftb under $0.03 $xvs under $3 $idex at $0.03 $kcs under $1 $xcad under $0.6,cryptowizardd
175,THEWIZARD ( dont dm u ),2021-10-01 04:07:19 UTC,15,1443789598505717762,23,['wagm'],en,"['anc', 'anc', 'orion', 'luna', 'stt']",Wizard capital never owned so much $ANC  longterm #wagm  $ANC $ORION $LUNA $STT  https://t.co/kU92pHNt5K,cryptowizardd
261,THEWIZARD ( dont dm u ),2021-09-30 12:55:27 UTC,27,1443560120047243269,40,[],en,"['vra', 'fet', 'matic', 'chz', 'luna', 'enj', 'vgx']",My hodl portfolio outperformed most traders portfolio. I am a longterm investor.  I been sitting on coins that didnt move for a whole year. 0 price action Just small pumps and dumps. At the end they pulled x 100 x 300 x   $VRA $FET $MATIC $CHZ $LUNA $ENJ $VGX  and many more,cryptowizardd
1038,THEWIZARD ( dont dm u ),2021-09-29 13:14:20 UTC,148,1443202485242499077,162,['1inch'],en,"['luna', 'ftt', 'fet', 'sxp', 'mir', 'anc', 'ocean', 'band', 'trac', 'ela', 'pond', 'mtv', 'mtlx', 'ast', 'nftb', 'mlt', 'dot', 'hod', 'aleph']",Main baggs (longterm hodls)  $LUNA $FTT $FET $SXP $MIR $ANC $OCEAN $BAND $TRAC   smaller baggs (longterm hodl) $ela $pond #1inch $mtv $mtlx   Small small baggs ( trade baggs some hodls( $AST $nftb $mlt $DOT $hod $aleph and many more   ü§≤üòâ,cryptowizardd
130,THEWIZARD ( dont dm u ),2021-09-29 09:59:06 UTC,5,1443153352217571328,6,[],en,[],Bullish on @orion_money   Terra ecosystem is growing rapidly,cryptowizardd
1076,THEWIZARD ( dont dm u ),2021-09-29 06:53:08 UTC,48,1443106553993826307,123,[],en,"['luna', 'chz', 'matic', 'vgx', 'floki', 'fet', 'enj']",2020 2021 was probably my best year ever. I dont levrg trade so buying and holding some coin gave me insane roi  $LUNA at $0.20 $chz below 0.02 $matic below $0.03 $vgx below $0.15 $floki at 20 mil marketcap  $FET at 0.009 $enj below $0.20  Buy and hodl good projects  Patience üöÄ,cryptowizardd
874,THEWIZARD ( dont dm u ),2021-09-27 11:06:55 UTC,40,1442445644866613248,71,[],en,"['luna', 'fet', 'ftt']",Telling u i never put more then 3/4% of my total portfolio in a coin. Unless its a tier 1 projects such as $LUNA $FET $FTT  So dont come at me.  BUT WIZARD I AM ALL IN ..   Oke get rekt.,cryptowizardd
487,THEWIZARD ( dont dm u ),2021-09-26 14:13:11 UTC,49,1442130130902654977,58,[],en,"['fet', 'luna', 'ftt', 'ela']","Free alpha  I know every alt i enter has a risk to go down in value. Simple risk management imo.  So for myself i have ""tiers""  Tier 1 projects $FET $LUNA $FTT ( JUST EXAMPLE) Max % of my port is 8/9%  Tier 2 projects $1INCH $ELA ( JUST EXAMPLE) max % of my port 6/7%  1/2",cryptowizardd
910,THEWIZARD ( dont dm u ),2021-09-24 23:06:15 UTC,64,1441539508315439115,115,[],en,"['anrx', 'nftb', 'celr', 'idex', 'fet', 'luna', 'floki', 'mlt', 'light', 'hod', 'xcad', 'ioi']",Last 2.5 months i gave u  $ANRX done x 10 $NFTB done like x 7 $Celr done 400% $idex done x 20 $fet went from 0.17 to $1.2 $LUNA since 0.15 $floki done x 20 $mlt x1 and Just started  $LIGHT done x 5 $Hod ongoing  $xcad x 3 $ioi x 3  Say no more  https://t.co/lLhQi3XD9B,cryptowizardd
57,THEWIZARD ( dont dm u ),2021-09-24 23:02:23 UTC,2,1441538535224483840,3,[],en,"['axs', 'luna']",@cryptocevo Thanks champ love u. And thnx for scamming your followers into retirement with $axs and $luna   Early ‚úÖüöÄ,cryptowizardd
163,THEWIZARD ( dont dm u ),2021-09-22 22:39:11 UTC,3,1440807917276385284,14,[],en,['luna'],Moonboys like u would never ever heard of $luna if i wasnt around,cryptowizardd
353,THEWIZARD ( dont dm u ),2021-09-20 21:46:34 UTC,26,1440069901243191298,12,['goodnight'],en,['luna'],Just had a phone call with sec   They want your cheap $Luna so they can sell it to ya later above 3 digits  #goodnight  https://t.co/O5wokEpcJu,cryptowizardd
391,THEWIZARD ( dont dm u ),2021-09-19 19:57:54 UTC,30,1439680167794860040,28,[],en,"['avax', 'luna']",$AVAX NEW ATH   $LUNA to follow soonish  https://t.co/K6OgRywPTb,cryptowizardd
101,THEWIZARD ( dont dm u ),2021-09-18 15:54:50 UTC,1,1439256609881038848,3,[],en,['luna'],@NicolasFlamelX Bro 90% of ct would never heard of $luna if its not because of u. Ignore those cheap plebs.,cryptowizardd
711,THEWIZARD ( dont dm u ),2021-09-14 16:21:51 UTC,86,1437813858530377739,44,[],en,"['luna', 'ada']",$190 $luna sounds cool.  We Will flip $ada anyway. Matter of time   Screenshot it.  https://t.co/hvLYkPYTlj,cryptowizardd
60,THEWIZARD ( dont dm u ),2021-09-14 15:37:46 UTC,0,1437802762012708867,1,[],en,['ust'],@jonathan6620 @Fetch_ai @terra_money Sir $UST,cryptowizardd
367,THEWIZARD ( dont dm u ),2021-09-13 21:10:00 UTC,33,1437523985684647941,43,[],en,"['anc', 'luna', 'floki', 'sxp', 'fet']",Lance Armstrong 2.0  $ANC $LUNA $FLOKI $SXP $FET  https://t.co/zs97X8f4s8,cryptowizardd
1126,THEWIZARD ( dont dm u ),2021-09-12 23:41:32 UTC,48,1437199730673586179,81,[],en,"['anrx', 'nftb', 'idex', 'fet', 'luna', 'floki', 'xcad', 'ioi']",Last 2 months i gave u  $ANRX pulled x 15 $NFTB PULLED X10 $IDEX pulled x 30 $fet New ath $luna New ath $floki pulled x20 $xcad pulled x 5 $ioi pulled x3  Dont bang my head.  Goodnight üòò,cryptowizardd
1091,THEWIZARD ( dont dm u ),2021-09-12 20:44:28 UTC,42,1437155169049927682,64,['alhamdulillah'],en,"['fet', 'luna']",Sometimes i look at my name and realize i have 2 best performing alts in my name for already a 1 year  $FET $LUNA  THANK GOD   #Alhamdulillah   üíóü§≤,cryptowizardd
955,THEWIZARD ( dont dm u ),2021-09-11 18:09:47 UTC,115,1436753855950336003,60,[],en,['luna'],HAHAHAHAHA BEST GIF EVER. LETS GET THIS VIRAL  $LUNA  https://t.co/tlRmHnCmUl,cryptowizardd
214,THEWIZARD ( dont dm u ),2021-09-11 12:41:18 UTC,8,1436671189095698434,32,[],en,['luna'],Look at all those moonboys captured in 1 picture.  They though $luna would go to $1 haha.  Buy my baggs now kids  https://t.co/Ix2nJVGv5c,cryptowizardd
516,THEWIZARD ( dont dm u ),2021-09-11 12:12:42 UTC,28,1436663992857018374,71,[],en,"['luna', 'vgx', 'vra', 'chz', 'ftt', 'anc', 'mir', 'sxp', 'fet']",If crypto was a game i would have finished it this week. Nothing left anymore  Portfolio roi is beyond godlike. Calls done x 200 x 400   Its done   $LUNA $VGX $VRA $CHZ $FTT $ANC $MIR $SXP $FET  https://t.co/amnOb2bF6o,cryptowizardd
244,THEWIZARD ( dont dm u ),2021-09-11 00:57:06 UTC,27,1436493971828707360,18,[],en,"['fet', 'fet', 'luna', 'anc']",Perfect place to rebuy some $FET  Orders all the way down to $0.68 maybe to catch a wick  This was not the top  $FET $LUNA $ANC  https://t.co/g7vua3Cw1W,cryptowizardd
219,THEWIZARD ( dont dm u ),2021-09-11 00:14:05 UTC,18,1436483145784823821,18,[],en,['luna'],Never forget this tweet   $LUNA,cryptowizardd
512,THEWIZARD ( dont dm u ),2021-09-10 23:42:28 UTC,41,1436475189622099973,31,[],en,['luna'],1 pic to rule them all  $luna ‚è≥üåñ  https://t.co/26cb57DE3O,cryptowizardd
428,THEWIZARD ( dont dm u ),2021-09-10 15:52:56 UTC,19,1436357028117614592,62,[],en,['luna'],When u bought $luna below $0.20  Life is good,cryptowizardd
709,THEWIZARD ( dont dm u ),2021-09-10 15:41:13 UTC,65,1436354078079062026,40,[],en,['luna'],Your army leader   ARE U ENTERTAINED  $LUNA  $40  https://t.co/UPULjAdIMP,cryptowizardd
500,THEWIZARD ( dont dm u ),2021-09-10 12:14:20 UTC,24,1436302015651631105,34,[],en,"['luna', 'luna']",Few months ago i didnt see $luna on my timeline.   Now everyone is into $luna  Pump my baggs to 3 digits.  https://t.co/ww71y0S493,cryptowizardd
303,THEWIZARD ( dont dm u ),2021-09-09 17:35:48 UTC,18,1436020528289026051,28,[],en,['luna'],Me when $luna hits $500  https://t.co/zqfCtOqKNb,cryptowizardd
349,THEWIZARD ( dont dm u ),2021-09-09 04:50:58 UTC,36,1435828052878053378,24,[],en,"['fet', 'luna', 'fet']",$FET   Tell me how much coins did make a New ath after the last dump  Indeed the 2 in my name  $luna $fet,cryptowizardd
198,THEWIZARD ( dont dm u ),2021-09-09 00:41:09 UTC,5,1435765184770019330,8,['few'],en,"['luna', 'fet']",@zhusu $luna and $fet  #few,cryptowizardd
330,THEWIZARD ( dont dm u ),2021-09-09 00:40:58 UTC,32,1435765136556503040,14,[],en,"['luna', 'fet']",$luna and $fet  Thnx for future references,cryptowizardd
1033,THEWIZARD ( dont dm u ),2021-09-08 13:54:16 UTC,33,1435602389176815621,121,[],en,"['luna', 'sxp']",WIZARD SIR PLS PUMP $LUNA PUMP $SXP   guys u think i can move billion dollar markets ?  ü§£ stop pls,cryptowizardd
771,THEWIZARD ( dont dm u ),2021-09-07 22:37:12 UTC,44,1435371602905083906,32,[],en,"['btc', 'ftt', 'luna']",My plan  I have 28% in stablecoins  Start buying once $BTC trades around 38.000 / 40.000  If it doesnt get there. And goes back up. I am fine to. Means my spotbags Will fly again   Win/win  I plan to buy the dips on $FTT $LUNA   Thats it üëç  Free alpha and now i go to bed Gn,cryptowizardd
423,THEWIZARD ( dont dm u ),2021-09-07 16:19:48 UTC,27,1435276627945168896,26,[],en,"['fet', 'luna']",Back to the gym  $FET $LUNA  https://t.co/TXhmV9jOtD,cryptowizardd
605,THEWIZARD ( dont dm u ),2021-09-07 12:07:57 UTC,34,1435213247725150214,83,[],en,"['vra', 'fet', 'luna', 'matic', 'chz']",Wizard 2021 top picks  $VRA below 600 k marketcap  $fet below $0.009 $luna below $0.20 $matic below $0.03 $chz around $0.02  How ya doing bro ?  https://t.co/RwkYLpFo8K,cryptowizardd
397,THEWIZARD ( dont dm u ),2021-09-07 04:50:32 UTC,13,1435103165318377473,25,[],en,"['fet', 'luna']",Never lose faith. Always trust the procces  Well done champ üåñüíó $fet $luna  https://t.co/5NdQgdPIWm,cryptowizardd
326,THEWIZARD ( dont dm u ),2021-09-07 04:31:16 UTC,13,1435098316149334017,47,[],en,"['luna', 'vra', 'fet', 'chz', 'vgx']",I leave this here ü§≤üíó  I can honestly say i made it. Friends / healthy /blessed.  Numbers speak for it self  10 to 250 k followers in 10 months üíó  $luna $vra $fet $chz $vgx  https://t.co/hJwUDDB4v7,cryptowizardd
972,THEWIZARD ( dont dm u ),2021-09-07 02:23:23 UTC,34,1435066133447643139,83,[],en,"['fet', 'luna', 'anc', 'vgx', 'chz', 'ftt']",They always say. Retire on the top.   Ive done it all üíó hope ya all made bank   Much love   $FET $LUNA $ANC $VGX $CHZ $FTT,cryptowizardd
652,THEWIZARD ( dont dm u ),2021-09-07 02:08:22 UTC,63,1435062354434314246,66,[],en,"['fet', 'fet', 'sxp', 'sol', 'luna']",$FET NEW ATH  WHERE ARE THE MFERS NOW ??? SUCK ITTTTTTT  Wizard 1  fet bottom sellers 0  $fet $sxp $sol $luna  https://t.co/evZdbYTk2i,cryptowizardd
177,THEWIZARD ( dont dm u ),2021-09-06 23:25:13 UTC,18,1435021297868750848,13,[],en,['luna'],OKE SIR LET ME CAST A SPELL  $LUNA üåñüåñüåñüåñ  https://t.co/gWrucBiT70,cryptowizardd
290,THEWIZARD ( dont dm u ),2021-09-06 22:06:31 UTC,9,1435001494420529158,28,[],en,"['luna', 'vra', 'fet', 'vgx', 'chz', 'matic']",I scammed so much People into retirement. Dont u even dare to come talk shit  $luna $vra $fet $vgx $chz $matic  https://t.co/UflfG61ROm,cryptowizardd
391,THEWIZARD ( dont dm u ),2021-09-06 21:56:48 UTC,38,1434999046868029440,26,[],en,"['luna', 'sol']",$LUNA Will follow $sol   U heard it here  üåñ send all wizard picks  https://t.co/dgDGH2Y99P,cryptowizardd
260,THEWIZARD ( dont dm u ),2021-09-06 18:47:16 UTC,24,1434951351419785218,34,[],en,"['sxp', 'sxp', 'btc', 'eth', 'luna', 'xcad', 'chz', 'ftt', 'sol']",I promise u the day i will roast all the $sxp moonboys and fudders Will come sooner then u think. And it Will be a glorius one  $SXP $BTC $ETH $LUNA $XCAD $CHZ $FTT $SOL  https://t.co/XS6SHpQmY4,cryptowizardd
157,THEWIZARD ( dont dm u ),2021-09-06 18:36:08 UTC,10,1434948548278300678,14,['whenmoon'],en,['luna'],Let me feel   #whenmoon  $LUNA üåñ  https://t.co/YiWs6oObWo,cryptowizardd
697,THEWIZARD ( dont dm u ),2021-09-06 16:23:34 UTC,26,1434915186473848834,66,['alhamdulillah'],en,"['fet', 'vgx', 'luna', 'vra', 'chz', 'matic']",My account grew from 10 k in 2021 to 230k followers today. Parabolic was duo some legandary calls such as $FET $VGX $LUNA $VRA $CHZ $MATIC  From the bottom of my heart. Thanking all my loyal followers   Much love  #Alhamdulillah  https://t.co/OPYtMiJm44,cryptowizardd
205,THEWIZARD ( dont dm u ),2021-09-06 11:10:57 UTC,17,1434836512160497667,14,[],en,"['sxp', 'luna', 'fet']",Epic by @nothingsuss   $sxp fudders $luna bottom sellers $fet bottom sellers  https://t.co/OAQEEyx2BV,cryptowizardd
554,THEWIZARD ( dont dm u ),2021-09-04 08:59:20 UTC,32,1434078617558990848,20,[],en,"['luna', 'fet']",@jasonderulo Start riding $luna and $fet  Few,cryptowizardd
849,THEWIZARD ( dont dm u ),2021-09-02 21:27:16 UTC,85,1433542063354699780,50,[],en,"['sol', 'luna']",$SOL pumping  Watch $LUNA FLY TOWARDS $50  üëÄ‚úÖ,cryptowizardd
169,THEWIZARD ( dont dm u ),2021-09-01 15:49:37 UTC,11,1433094701205364745,20,[],en,"['ftt', 'luna', 'fet', 'chz']",Wonder why .....  $FTT $LUNA $FET $CHZ,cryptowizardd
