created_at,tweet,username,hashtags,cashtags,retweets_count,likes_count,replies_count,coin,clean_tweets,tweet_score
2021-09-06 13:12:33 UTC,"It‚Äôs official: The Cronos Mainnet with EVM smart contracts is launching on Oct 19, with a $1,000,000 prize pool for the $CRO community.  üî•1,000 winners get $1,000 in #BTC  Enter to win: ‚úÖRetweet ‚úÖReply &amp; tag 5 friends ‚úÖFollow  &amp;  ‚úÖAdd #CRO to your bio  https://t.co/K4VfxDyygg",cryptocom,"['btc', 'cro']",['cro'],56032,137343,44897,CRO,its official the cronos mainnet with evm smart contracts is launching on oct 19 with a  prize pool for the  community 1000 winners get  in  enter to win retweet reply &amp; tag 5 friends follow &amp; add  to your bio,90367.75
2021-09-09 22:06:59 UTC,ü§© We're thrilled to announce  https://t.co/vCNztABJoG and Paris Saint-Germain have signed a multi-year deal  ‚öΩÔ∏è First Crypto Platform Partner ‚öΩÔ∏è Release of exclusive #NFTs ‚öΩÔ∏è Special rewards for  https://t.co/vCNztABJoG users  üöÄ  Details:  https://t.co/9AFDxk4qrX  https://t.co/pEOSgqB9Oe,cryptocom,['nfts'],[],13024,77172,2364,CRO,we're thrilled to announce and paris saintgermain have signed a multiyear deal first crypto platform partner release of exclusive  special rewards for users details,32317.0
2021-11-24 17:45:08 UTC,"After significant time in stealth mode, we are excited to go public on what we've been working on - the platform that will build out the  ecosystem.  #Algorand #DeFi #FutureFi   https://t.co/SlIThxBWe1",algorithmfin,"['algorand', 'defi', 'futurefi']",[],18997,22540,8578,ALGO,after significant time in stealth mode we are excited to go public on what we've been working on  the platform that will build out the ecosystem,24632.0
2021-11-29 13:03:58 UTC,"MicroStrategy has purchased an additional¬†7,002¬†bitcoins for ~$414.4¬†million in cash at an average price of¬†~$59,187¬†per #bitcoin. As of 11/29/21 we #hodl ~121,044¬†bitcoins acquired for ~$3.57¬†billion at an average price of ~$29,534 per bitcoin. $MSTR  https://t.co/OA8VWG1bZX",saylor,"['bitcoin', 'hodl']",['mstr'],9682,49079,3865,BTC,microstrategy has purchased an additional7002bitcoins for ~ in cash at an average price of~  as of 112921 we  ~121044bitcoins acquired for ~ at an average price of ~ per bitcoin,21951.75
2021-09-13 12:04:35 UTC,"MicroStrategy has purchased an additional 5,050 bitcoins for ~$242.9 million in cash at an average price of ~$48,099 per #bitcoin. As of 9/12/21 we #hodl ~114,042 bitcoins acquired for ~$3.16 billion at an average price of ~$27,713 per bitcoin. $MSTR  https://t.co/2ESbTy6ad7",saylor,"['bitcoin', 'hodl']",['mstr'],8462,40422,3334,BTC,microstrategy has purchased an additional 5050 bitcoins for ~ million in cash at an average price of ~ per  as of 91221 we  ~114042 bitcoins acquired for ~ billion at an average price of ~ per bitcoin,18567.5
2021-09-30 17:31:27 UTC,The United States has no intention to ban #Bitcoin.   https://t.co/JG3JAgi1OP,saylor,['bitcoin'],[],8562,35070,1442,BTC,the united states has no intention to ban,17329.5
2021-09-16 13:03:18 UTC,üì£ We‚Äôre stepping up our game:  https://t.co/vCNztABJoG and  have inked a multi-year partnership!  ü•á First Global Cryptocurrency Partner üëæ New digital products including NFTs üëï  https://t.co/vCNztABJoG branded team jerseys üéÆ Exclusive rewards for Fnatic fans  https://t.co/9XRU26WAfd,cryptocom,[],[],6222,43697,1339,CRO,were stepping up our game and have inked a multiyear partnership first global cryptocurrency partner new digital products including nfts branded team jerseys exclusive rewards for fnatic fans,17146.25
2021-09-24 13:08:42 UTC,Nothing has created more wealth in the past decade than technologies banned in China. #Bitcoin,saylor,['bitcoin'],[],6167,33213,1236,BTC,nothing has created more wealth in the past decade than technologies banned in china,14470.25
2021-09-12 06:20:11 UTC,Tomorrow is the big day! We are entering a new Era of Cardano.,iohk_charles,[],[],5690,33949,1475,ADA,tomorrow is the big day we are entering a new era of cardano,14177.25
2021-09-23 17:50:17 UTC,#Bitcoin on #Lightning‚ö°Ô∏è is the future of global payments.   https://t.co/9RONDBnVXQ,saylor,"['bitcoin', 'lightning']",[],6555,27082,1286,BTC,on  is the future of global payments,13325.5
2021-10-11 09:55:00 UTC,We're celebrating the launch of our latest derivatives trading pair: BITUSDT!  ü§ë Earn 10 USDT Bonus by completing the tasks below:  1Ô∏è‚É£ Follow Bybit on Twitter 2Ô∏è‚É£ RT this tweet &amp; tag 3 friends 3Ô∏è‚É£ Fill in the form below with your #Bybit UID!  https://t.co/gZ5aJnMzT8,bybit_official,['bybit'],[],10234,4829,8620,USDT,we're celebrating the launch of our latest derivatives trading pair bitusdt earn 10 usdt bonus by completing the tasks below 1 follow bybit on twitter 2 rt this tweet &amp; tag 3 friends 3 fill in the form below with your  uid,11441.25
2021-11-17 05:22:02 UTC,"We're extremely proud to announce that Staples Center, Los Angeles' most iconic arena is getting a new name:                      https://t.co/vCNztATkNg Arena  As part of this 20 year partnership, we're also excited to welcome the  &amp;  as our newest partners!  https://t.co/KCfYKySDRt",cryptocom,[],[],6055,21148,1927,CRO,we're extremely proud to announce that staples center los angeles' most iconic arena is getting a new name arena as part of this 20 year partnership we're also excited to welcome the &amp; as our newest partners,11342.0
2021-10-28 09:45:00 UTC,"üì¢ NEW LISTING   $HERO gets listed on #KuCoin!  üîπPair: HERO/USDT üîπDeposit: now open (network: BEP-20) üîπTrading: 09:00 am on Oct 29, 2021 (UTC) üîπWithdrawal: 10:00 am on Oct 30, 2021 (UTC)  Details:  https://t.co/E0EBanw3Gt  #Metaverse #NFTs #3D  https://t.co/HTiklSBck3",kucoincom,"['kucoin', 'metaverse', 'nfts', '3d']",['hero'],8696,10337,519,USDT,new listing  gets listed on  pair herousdt deposit now open (network bep20) trading 0900 am on oct 29 2021 (utc) withdrawal 1000 am on oct 30 2021 (utc) details,11280.25
2021-10-16 02:30:55 UTC,Elon Musk (with a net worth equal to 861 billion #Dogecoin) is now richer than Bill Gates and Warren Buffett COMBINED! ü§Ø,mattwallace888,['dogecoin'],[],2261,32040,914,DOGE,elon musk (with a net worth equal to 861 billion  is now richer than bill gates and warren buffett combined,10271.0
2021-10-31 10:30:00 UTC,"‚ù§Ô∏è $2,000 GIVEAWAY ‚ù§Ô∏è  To celebrate hitting 1‚É£ MILLION followers on Twitter, we're giving away 100 $USDT to 20 lucky people! üòç  ‚úÖ Follow  &amp; Retweet üó£Ô∏è Tag your friends to join  Enter ‚§µÔ∏è ‚§µÔ∏è üöÄüöÄ  https://t.co/i1ObsjFseA",kucoincom,[],['usdt'],8095,7355,5898,USDT,giveaway to celebrate hitting 1 million followers on twitter we're giving away 100  to 20 lucky people follow &amp; retweet tag your friends to join enter,9933.75
2021-11-25 17:24:52 UTC,"This year I started with $6557, today I hit $1 mil ü•≥ü•≥  I didn't do it with $BTC, $ETH, $SHIB, $ADA. I bought:  $ILV $34 $BLOK $0.00025 $SAND $0.06 $MANA $0.23 $AXS $1.22 $SOL $14.20  I am sharing my next 50x #PlayToEarn gem tonight. Never too late to make it in #crypto.",ladyofcrypto1,"['playtoearn', 'crypto']","['btc', 'eth', 'shib', 'ada', 'ilv', 'blok', 'sand', 'mana', 'axs', 'sol']",2604,25463,2898,ADA,this year i started with  today i hit  mil i didn't do it with     i bought             i am sharing my next 50x  gem tonight never too late to make it in,8969.75
2021-11-02 19:40:23 UTC,"okay, i ate a taco and have made my decision on who will be the next fake ceo of dogecoin.  announcement will be at 4:00 pm pacific (~ 3 hours from now)",billym2k,[],[],1704,22079,1314,DOGE,okay i ate a taco and have made my decision on who will be the next fake ceo of dogecoin announcement will be at 400 pm pacific (~ 3 hours from now),7223.75
2021-09-14 02:55:00 UTC,"More Fan Tokens now listed in the  https://t.co/vCNztATkNg App üîî   ‚úÖ AC Milan $ACM ‚úÖ FC Barcelona $BAR ‚úÖ Juventus $JUV ‚úÖ AS Roma $ASR ‚úÖ Atletico De Madrid $ATM ‚úÖ OG $OG  You can now buy these Fan Tokens at true cost with USD, EUR, GBP, and 20+ fiat currencies.  https://t.co/dlTZqZWBRv",cryptocom,[],"['acm', 'bar', 'juv', 'asr', 'atm', 'og']",2828,17130,822,CRO,more fan tokens now listed in the app ac milan  fc barcelona  juventus  as roma  atletico de madrid  og  you can now buy these fan tokens at true cost with usd eur gbp and 20+ fiat currencies,7110.5
2021-09-12 21:59:18 UTC,"1/2 Upgrade successful.    Moments ago, we deployed the #Alonzo upgrade at the epoch rollover.    Welcome to the start of a new era for #Cardano $ADA  https://t.co/r6QNvTv4pt",inputoutputhk,"['alonzo', 'cardano']",['ada'],3674,13120,519,ADA,12 upgrade successful moments ago we deployed the  upgrade at the epoch rollover welcome to the start of a new era for,6954.0
2021-09-07 17:32:50 UTC,"LAUNCH CONFIRMED: Today, around 17:26 UTC we successfully submitted an update proposal to the #Cardano mainnet, to trigger a hard fork combinator event on Sunday üí™üôå #Cardano $ADA 1/6  https://t.co/rEtjrdGiBV",inputoutputhk,"['cardano', 'cardano']",['ada'],3513,10805,512,ADA,launch confirmed today around 1726 utc we successfully submitted an update proposal to the  mainnet to trigger a hard fork combinator event on sunday   16,6214.25
2021-11-02 23:00:03 UTC,"The new fake CEO of dogecoin is‚Ä¶!  One who has embodied dogecoin before it was even in existence.  They are the most qualified for the position. It is unquestionable.  The goodest doge of all, the face of the coin, who has inspired millions to Do Only Good Everyday.   Kabosu.  https://t.co/NxqnuyCVQM",billym2k,[],[],1857,15912,1018,DOGE,the new fake ceo of dogecoin is one who has embodied dogecoin before it was even in existence they are the most qualified for the position it is unquestionable the goodest doge of all the face of the coin who has inspired millions to do only good everyday kabosu,5835.0
2021-10-29 06:41:46 UTC,Retweet if you are a $SHIB Holder!  Let's break the internet! üê∂üî•,army_shiba,[],['shib'],4241,5925,304,SHIB,retweet if you are a  holder let's break the internet,5722.25
2021-11-29 17:00:20 UTC,Retweet if you are happy with $SHIB  listing! üê∂üî•  https://t.co/nVBl91bPWi,army_shiba,[],['shib'],3690,7993,252,SHIB,retweet if you are happy with  listing,5688.25
2021-10-26 19:05:06 UTC,"#Shib has done $10,420,000,000 in volume in the last 24 hours.   More than:   - #BNB  - #Cardano  - #Solana  - #XRP  - #VET  COMBINED",watcherguru,"['shib', 'bnb', 'cardano', 'solana', 'xrp', 'vet']",[],3178,9810,745,SOL,has done  in volume in the last 24 hours more than           combined,5630.5
2021-11-12 10:58:08 UTC,"New futures pairs have arrived on Bitrue, this time it's a #DeFi bonanza! Trade $LRC, $DYDX, $LINA and $CRV / $USDT with custom leverages, and check out the 50 other supported pairs while you're there -  https://t.co/1PPW5A0vMM  https://t.co/5jXlIzDdjU",bitrueofficial,['defi'],"['lrc', 'dydx', 'lina', 'crv', 'usdt']",4394,4781,951,USDT,new futures pairs have arrived on bitrue this time it's a  bonanza trade    and    with custom leverages and check out the 50 other supported pairs while you're there,5589.25
2021-11-29 11:07:06 UTC,üìà $LEOS/USDT trading is now LIVE on  &gt;&gt;  https://t.co/WKFlZ56bEn  üî®Launching the new MX DeFi with  - Stake $MX or $BIT to earn yield on $LEOS   ‚è∞Period: 11:00 Nov 30 -16:00 Dec 2 (UTC)  Details:  https://t.co/2z6dKyGZuc  #LeonicornSwap #MEXCGlobal  https://t.co/R9IeRZRHFT,mexc_global,"['leonicornswap', 'mexcglobal']","['leos', 'mx', 'bit', 'leos']",4699,2380,4948,USDT,trading is now live on &gt;&gt; launching the new mx defi with  stake  or  to earn yield on  period 1100 nov 30 1600 dec 2 (utc) details,5294.0
2021-11-03 09:19:25 UTC,Retweet if you are waiting for $SHIB  listing! üê∂üî•  https://t.co/PmgM3vkzfl,army_shiba,[],['shib'],3681,6313,263,SHIB,retweet if you are waiting for  listing,5259.25
2021-10-27 16:16:18 UTC,BREAKING: CoinGecko is reporting #SHIB has flipped $DOGE.,watcherguru,['shib'],['doge'],2849,9496,832,DOGE,breaking coingecko is reporting  has flipped,5223.0
2021-11-12 01:27:23 UTC,"Next year:  $BTC $250,000 $ETH $20,000 $BNB $1,000 $SOL $700  $LTC  $500 $DOT $100 $ADA $10 $XRP $5 $MATIC $4  $VET $3 $SHIB $.001 $DOGE $1  $SFM $.000050",watcherguru,[],"['btc', 'eth', 'bnb', 'sol', 'ltc', 'dot', 'ada', 'xrp', 'matic', 'vet', 'shib', 'doge', 'sfm']",2340,11137,1508,DOGE,next year,5124.25
2021-11-12 01:27:23 UTC,"Next year:  $BTC $250,000 $ETH $20,000 $BNB $1,000 $SOL $700  $LTC  $500 $DOT $100 $ADA $10 $XRP $5 $MATIC $4  $VET $3 $SHIB $.001 $DOGE $1  $SFM $.000050",watcherguru,[],"['btc', 'eth', 'bnb', 'sol', 'ltc', 'dot', 'ada', 'xrp', 'matic', 'vet', 'shib', 'doge', 'sfm']",2340,11137,1508,ETH,next year,5124.25
2021-11-12 01:27:23 UTC,"Next year:  $BTC $250,000 $ETH $20,000 $BNB $1,000 $SOL $700  $LTC  $500 $DOT $100 $ADA $10 $XRP $5 $MATIC $4  $VET $3 $SHIB $.001 $DOGE $1  $SFM $.000050",watcherguru,[],"['btc', 'eth', 'bnb', 'sol', 'ltc', 'dot', 'ada', 'xrp', 'matic', 'vet', 'shib', 'doge', 'sfm']",2340,11137,1508,MATIC,next year,5124.25
2021-11-12 01:27:23 UTC,"Next year:  $BTC $250,000 $ETH $20,000 $BNB $1,000 $SOL $700  $LTC  $500 $DOT $100 $ADA $10 $XRP $5 $MATIC $4  $VET $3 $SHIB $.001 $DOGE $1  $SFM $.000050",watcherguru,[],"['btc', 'eth', 'bnb', 'sol', 'ltc', 'dot', 'ada', 'xrp', 'matic', 'vet', 'shib', 'doge', 'sfm']",2340,11137,1508,SOL,next year,5124.25
2021-11-12 14:04:12 UTC,"I'm really loving how the roadmap for 2022 Cardano is coming together. It's a living ecosystem, growing, refining, adapting, and becoming stronger. The technology is unbelievable and we have so many great innovations coming to meet the hundreds of projects building on Cardano",iohk_charles,[],[],1959,12135,561,ADA,i'm really loving how the roadmap for 2022 cardano is coming together it's a living ecosystem growing refining adapting and becoming stronger the technology is unbelievable and we have so many great innovations coming to meet the hundreds of projects building on cardano,4992.75
2021-10-20 18:07:13 UTC,I predicted $BTC ATH 4 months ago when most people sold 30k expecting bear market and $5000 levels. Now I‚Äôm calling $ETH $20k and $LTC $1000 in next 3 months,crypto_birb,[],"['btc', 'eth', 'ltc']",1408,13168,965,LTC,i predicted  ath 4 months ago when most people sold 30k expecting bear market and  levels now im calling   and   in next 3 months,4700.0
2021-10-27 20:33:42 UTC,$20k $ETH $250k $BTC¬† $0 $SHIB¬†  By the end of 2022!,themooncarl,[],['eth'],1093,13104,1744,ETH,by the end of 2022,4369.0
2021-11-28 07:11:21 UTC,Elon has no $SHIB but  will start accepting Shiba as  payment soon! üöÄüò≥,shibinform,[],['shib'],2218,8314,702,SHIB,elon has no  but will start accepting shiba as payment soon,4296.5
2021-11-11 19:27:38 UTC,Buy #ethereum before Ô£ø announces it.,themooncarl,['ethereum'],[],1237,11790,794,ETH,buy  before announces it,4184.5
2021-11-18 06:20:24 UTC,#BabyDogeCoin Approaching the ‚Äò1 Million Holders Milestone‚Äô a Day Before Launching its #ETH Bridge ()    https://t.co/9W3WZ1f1Iy,watcherguru,"['babydogecoin', 'eth']",[],2571,6236,1096,ETH,approaching the 1 million holders milestone a day before launching its  bridge (),4130.0
2021-11-03 21:25:50 UTC,Elon has no $SHIB but  will start accepting Shiba as  payment soon!üêïüöÄüòâ,shibinfo,[],['shib'],1996,7635,537,SHIB,elon has no  but will start accepting shiba as payment soon,3904.75
2021-11-07 10:45:00 UTC,"Price targets:   #Bitcoin: $100,000  #Ethereum: $10,000 #BNB: $1,000  #Solana: $500 #Cardano: $6  #XRP: $4  $Shib: $0.01  Which one will happen first?",watcherguru,"['bitcoin', 'ethereum', 'bnb', 'solana', 'cardano', 'xrp']",['shib'],1649,8262,2093,SOL,price targets               which one will happen first,3714.5
2021-11-07 10:45:00 UTC,"Price targets:   #Bitcoin: $100,000  #Ethereum: $10,000 #BNB: $1,000  #Solana: $500 #Cardano: $6  #XRP: $4  $Shib: $0.01  Which one will happen first?",watcherguru,"['bitcoin', 'ethereum', 'bnb', 'solana', 'cardano', 'xrp']",['shib'],1649,8262,2093,ETH,price targets               which one will happen first,3714.5
2021-11-11 19:21:44 UTC,"I took profit on $LUNA at $17! I landed up buying them back at $34!  I took profit on $AR at $12, I bought them back at $55.  I took profits on $ETH at $330, I bought them back at $2000!  Don‚Äôt chase short term profit in a technology that will change the world given enough time.",cryptomanran,[],"['luna', 'ar', 'eth']",1276,9742,763,LUNA,i took profit on  at  i landed up buying them back at  i took profit on  at  i bought them back at  i took profits on  at  i bought them back at  dont chase short term profit in a technology that will change the world given enough time,3711.5
2021-11-05 03:39:39 UTC,"What‚Äôs happening first‚Ä¶?   #Bitcoin¬†to $100,000  #Ethereum to $10,000  #BNB¬†¬†to $1,000  #Solana to $300 #Link to $150  #Cardano to $5  #VeChain to $1 #XRP to $5  #XLM to $1 #DOGE to $1  #SHIB to $0.001 #SafeMoon to $0.001",watcherguru,"['bitcoin', 'ethereum', 'bnb', 'solana', 'link', 'cardano', 'vechain', 'xrp', 'xlm', 'doge', 'shib', 'safemoon']",[],1507,7369,2653,SOL,whats happening first    to     to   to   to   to   to   to   to   to   to,3349.25
2021-09-19 15:52:49 UTC,Now it's being reported that  will be widely adopted - redefining online payments and will probably IPO after the SEC lawsuit.  What have I said? #XRPArmy  $XRP Will replace swift &amp; tie the banking world together for efficiency.,bitboy_crypto,['xrparmy'],['xrp'],1442,7617,1042,XRP,now it's being reported that will be widely adopted  redefining online payments and will probably ipo after the sec lawsuit what have i said   will replace swift &amp; tie the banking world together for efficiency,3346.25
2021-11-14 17:10:25 UTC,Litecoin is accepted anywhere VISA is.. the #Litecoin Card converts $LTC at the time of purchase. You can also connect the card with the  #PaywithLitecoin #Hodl #SundayThoughts   https://t.co/rOzz9zoXRD  https://t.co/AR4wXqCPg6,litecoin,"['litecoin', 'paywithlitecoin', 'hodl', 'sundaythoughts']",['ltc'],1670,6602,568,LTC,litecoin is accepted anywhere visa is the  card converts  at the time of purchase you can also connect the card with the,3320.5
2021-11-05 19:00:10 UTC,The Howie Test does not apply to  $XRP - The SEC is going to have to admit that there was nothing in Ripple's contracts that created expectations of profits of purchasers of #XRP. #XRParmy let's goüî•  https://t.co/yyKMGiDn0P,bitboy_crypto,"['xrp', 'xrparmy']",['xrp'],1469,6387,355,XRP,the howie test does not apply to   the sec is going to have to admit that there was nothing in ripple's contracts that created expectations of profits of purchasers of   let's go,3065.75
2021-11-11 11:45:30 UTC,"Value of $1,000 invested 1 year ago:  #Shib: $756,865,000 #AxieInfinity: $472,615 #Terra: $160,000 #Polygon: $109,375 #Solana: $126,840 #Doge: $92,860 #Avalanche: $26,155 #BNB: $22,830 #Cardano: $21,300 #Polkadot: $11,190 #Ethereum: $10,235 #XRP: $4,920 #Bitcoin: $4,015",watcherguru,"['shib', 'axieinfinity', 'terra', 'polygon', 'solana', 'doge', 'avalanche', 'bnb', 'cardano', 'polkadot', 'ethereum', 'xrp', 'bitcoin']",[],1569,5814,708,SOL,value of  invested 1 year ago,3022.5
2021-11-11 11:45:30 UTC,"Value of $1,000 invested 1 year ago:  #Shib: $756,865,000 #AxieInfinity: $472,615 #Terra: $160,000 #Polygon: $109,375 #Solana: $126,840 #Doge: $92,860 #Avalanche: $26,155 #BNB: $22,830 #Cardano: $21,300 #Polkadot: $11,190 #Ethereum: $10,235 #XRP: $4,920 #Bitcoin: $4,015",watcherguru,"['shib', 'axieinfinity', 'terra', 'polygon', 'solana', 'doge', 'avalanche', 'bnb', 'cardano', 'polkadot', 'ethereum', 'xrp', 'bitcoin']",[],1569,5814,708,MATIC,value of  invested 1 year ago,3022.5
2021-09-13 15:58:15 UTC,The Litecoin Foundation has not entered into a partnership with Walmart.,ltcfoundation,[],[],982,7549,1293,LTC,the litecoin foundation has not entered into a partnership with walmart,2869.25
2021-11-21 00:45:11 UTC,"Which of these will happen first in 2022? ü§î  #Bitcoin: $100,000  #Ethereum: $10,000 #BNB: $1,000  #Solana: $500 #Chainlink: $100 #Polkadot: $100 #Cardano: $6  #XRP: $4  #SHIB: $0.001 #DOGE: $1  #VeChain: $1 #CRO: $1 #XLM: $1  #MATIC: $4  #SafeMoon: $.000050",watcherguru,"['bitcoin', 'ethereum', 'bnb', 'solana', 'chainlink', 'polkadot', 'cardano', 'xrp', 'shib', 'doge', 'vechain', 'cro', 'xlm', 'matic', 'safemoon']",[],1263,6299,2629,MATIC,which of these will happen first in 2022,2837.75
2021-11-15 23:13:10 UTC,"Price targets:   #Bitcoin: $100,000  #Ethereum: $10,000 #BNB: $1,000  #Solana: $500 #Cardano: $6  #XRP: $4  #SHIB: $0.01 #DOGE: $1  #VeChain: $1 #MATIC: $4   Which will happen first? üßê",watcherguru,"['bitcoin', 'ethereum', 'bnb', 'solana', 'cardano', 'xrp', 'shib', 'doge', 'vechain', 'matic']",[],1159,6218,1542,MATIC,price targets                     which will happen first,2713.5
2021-11-22 04:29:46 UTC,Never SELL your‚Ä¶‚Ä¶ ‚ùå  $BTC  $BNB  $ETH  $VET $XRP  $CRO $AVAX $SHIB $DOGE  $ADA  $SFM $MATIC  $DOT  $XVG $XLM $LINK  $SOL  $TEL $EGLD  $VRA $FLOKI $KISHU $______???,watcherguru,[],"['btc', 'bnb', 'eth', 'vet', 'xrp', 'cro', 'avax', 'shib', 'doge', 'ada', 'sfm', 'matic', 'dot', 'xvg', 'xlm', 'link', 'sol', 'tel', 'egld', 'vra', 'floki', 'kishu']",1202,6010,4648,MATIC,never sell your,2704.5
2021-11-06 19:00:10 UTC,XRP has one of the most passionate and knowledgeable communities about the use cases and utility of the $XRP token.  #XRParmy is bullish long term because we understand the #XRP ledger and what the token is capable of!  Headway is being made against the SEC behind the scenes.‚ö°Ô∏è  https://t.co/O51jAIanHY,bitboy_crypto,"['xrparmy', 'xrp']",['xrp'],1215,5339,440,XRP,xrp has one of the most passionate and knowledgeable communities about the use cases and utility of the  token  is bullish long term because we understand the  ledger and what the token is capable of headway is being made against the sec behind the scenes,2549.75
2021-11-28 10:41:39 UTC,"$LUNA will be top 5,here‚Äôs why;  1.Insane Tokenomics (Luna/Terra burn) 2.Great tech 3.Decentralized web 3 money narrative. 4.Charismatic/genius figure head! 5.Strong community- increasing momentum 6. Best VC support-all made insane returns  7.Lots of high caliber complex Projects",cryptomanran,[],['luna'],1044,5356,360,LUNA,will be top 5heres why; 1insane tokenomics (lunaterra burn) 2great tech 3decentralized web 3 money narrative 4charismaticgenius figure head 5strong community increasing momentum 6 best vc supportall made insane returns 7lots of high caliber complex projects,2383.0
2021-09-07 19:16:10 UTC,XRP is definitely one of my top picks for this month. Looking forward to seeing where XRP will be landing with momentum ramping up. Who else is hodling or stack up on $XRP?  #XRPArmy üí™  https://t.co/30wErjw1da,bitboy_crypto,['xrparmy'],['xrp'],962,5648,608,XRP,xrp is definitely one of my top picks for this month looking forward to seeing where xrp will be landing with momentum ramping up who else is hodling or stack up on,2374.0
2021-11-29 21:37:06 UTC,TWITTER NEEDS TO ADD $XRP TIPPING NOT FREAKIN $ETH   I WANT TO BE ABLE TO SEND INSTANT FUNDS WITH NO FEES TO ANYBODY ANYWHERE GLOBALLY üÉè  LIKE AND RT IF YOU AGREE!,masonversluis,[],"['xrp', 'eth']",1297,4236,230,XRP,twitter needs to add  tipping not freakin  i want to be able to send instant funds with no fees to anybody anywhere globally like and rt if you agree,2356.0
2021-10-31 07:15:00 UTC,$LTC must be the largest 2-year long bullish divergence Ive seen in my entire life. On a monthly chart. Insane. This just has to go pull off a sick rally in late Q4. Save this tweet and God have mercy on #Litecoin bears  https://t.co/PW5rPnZS4w,crypto_birb,['litecoin'],['ltc'],970,5269,363,LTC,must be the largest 2year long bullish divergence ive seen in my entire life on a monthly chart insane this just has to go pull off a sick rally in late q4 save this tweet and god have mercy on  bears,2287.25
2021-11-13 20:44:01 UTC,The Metaverse has triggered  the inevitable WEB3 Narrative. It‚Äôs my next bet!  Storage:  $AR $FIL $CLS $ARGO  Compute:  $RNDR $AKT $AIOZ  Money:  $LUNA  What else?,cryptomanran,[],"['ar', 'fil', 'cls', 'argo', 'rndr', 'akt', 'aioz', 'luna']",1011,4967,1225,LUNA,the metaverse has triggered the inevitable web3 narrative its my next bet storage     compute    money  what else,2252.75
2021-11-11 11:49:34 UTC,1 like and I buy more $LTC,crypto_birb,[],['ltc'],204,7624,280,LTC,1 like and i buy more,2110.0
2021-09-04 00:08:48 UTC,"If you think #Ethereum is going to replaced, then you likely do not understand it.   #Cardano, #Polkadot, #Avalanche, #Solana etc. are all great projects, but they are not going to replace #Ethereum.",intocryptoverse,"['ethereum', 'cardano', 'polkadot', 'avalanche', 'solana', 'ethereum']",[],484,6009,957,AVAX,if you think  is going to replaced then you likely do not understand it     etc are all great projects but they are not going to replace,1986.25
2021-11-22 18:55:21 UTC,We broke down the number of new projects we are seeing by chain (last 60 days):  Solana          - 31% Ethereum     - 7% ETH Layer 2 - 11% Luna              - 15% AVAX            - 6% Thorchain     - 2% Cardano        - 6% DOT/Kusama- 7% Other              - 15%  Follow the DEVS.,cryptomanran,[],[],743,4959,880,LUNA,we broke down the number of new projects we are seeing by chain (last 60 days) solana  31% ethereum  7% eth layer 2  11% luna  15% avax  6% thorchain  2% cardano  6% dotkusama 7% other  15% follow the devs,1982.75
2021-09-30 11:09:19 UTC,1/ Columbus-5 is now officially live as the new Terra mainnet!   Welcome to the future of Terra üåï   https://t.co/EFnQnFr2lB,terra_money,[],[],1156,3289,199,LUNA,1 columbus5 is now officially live as the new terra mainnet welcome to the future of terra,1978.25
2021-10-13 18:18:35 UTC,". announced they will launch the first #gamefi ecosystem on #Algorand! Merging gaming and #DeFi, Zone will create new gamefi products and on-chain gaming challenges for millions of gamers across their user base üëâ  https://t.co/EfPQ7AKxTk  https://t.co/7di5NHIrOl",algorand,"['gamefi', 'algorand', 'defi']",[],1317,1396,246,ALGO,announced they will launch the first  ecosystem on  merging gaming and  zone will create new gamefi products and onchain gaming challenges for millions of gamers across their user base,1666.0
2021-10-10 09:01:21 UTC,$dot face melting season will come as soon as Gavin announces parachains.,thecryptolark,[],['dot'],500,4616,282,DOT,face melting season will come as soon as gavin announces parachains,1654.0
2021-11-02 11:00:47 UTC,$dot going to flip $sol and $ada before parachain auctions start?,thecryptolark,[],"['dot', 'sol', 'ada']",361,5125,487,DOT,going to flip  and  before parachain auctions start,1642.25
2021-11-19 14:24:00 UTC,$ADA and $DOT are just babies. We are early. üë∂,altcoindailyio,[],"['ada', 'dot']",345,4476,545,DOT,and  are just babies we are early,1464.0
2021-09-07 06:09:47 UTC,"Polka $dot has not yet reclaimed its all time high. Parachains, when announced will probably send it to $100.",thecryptolark,[],['dot'],404,3634,248,DOT,polka  has not yet reclaimed its all time high parachains when announced will probably send it to,1312.5
2021-11-20 15:47:12 UTC,$AVAX has flipped $SHIB Utility &gt; Memes,intocryptoverse,[],"['avax', 'shib']",306,4011,328,AVAX,has flipped  utility &gt; memes,1308.75
2021-09-19 06:50:50 UTC,I also agree btcd is irrelevant for anyone not 10figs+  If I were starting out today and looking to run it up hot id own zero btc or eth   Would be in avax sol and their ecosystem plays and it's not even close  This does not mean btc won't flip gold or eth won't go 25k  #facts,zhusu,['facts'],[],476,3228,252,AVAX,i also agree btcd is irrelevant for anyone not 10figs+ if i were starting out today and looking to run it up hot id own zero btc or eth would be in avax sol and their ecosystem plays and it's not even close this does not mean btc won't flip gold or eth won't go 25k,1283.0
2021-09-25 23:24:07 UTC,"It's fast, like the network. #Avalanche.  https://t.co/PN1lOOdJ5t",el33th4xor,['avalanche'],[],347,3395,123,AVAX,it's fast like the network,1195.75
2021-10-07 15:26:21 UTC,‚ö†Ô∏è‚ö†Ô∏è‚ö†Ô∏è WARNING ‚ö†Ô∏è‚ö†Ô∏è‚ö†Ô∏è  $KST  has NOTHING to do with DOT/KSM/Substrate.  They LIED about building on Substrate. They LIED about launching on Moonriver.  They launched today on Ethereum.  The Polkadot brand was damaged with fake Polka projects.  This wont happen on KSM.,donniebigbags,[],['kst'],833,1427,150,DOT,warning  has nothing to do with dotksmsubstrate they lied about building on substrate they lied about launching on moonriver they launched today on ethereum the polkadot brand was damaged with fake polka projects this wont happen on ksm,1189.75
2021-09-20 12:12:02 UTC,"Decipher the future on Algorand. Join the inaugural two-day experience featuring conversations, networking and hands-on sessions that explore future opportunities for blockchain-based solutions in #DeFi, #NFTs &amp; more.   https://t.co/3yJkB44OMz  https://t.co/kPYEcaNzih",algorand,"['defi', 'nfts']",[],709,1866,239,ALGO,decipher the future on algorand join the inaugural twoday experience featuring conversations networking and handson sessions that explore future opportunities for blockchainbased solutions in   &amp; more,1175.5
2021-10-22 03:52:32 UTC,"Pretty much everything in crypto is following Amara's law  Bitcoin, Ether, Solana, Avalanche, NFTs, DAOs, etc   New paradigms are consistently overestimated in short run and underestimated in the long run",zhusu,[],[],383,2941,151,AVAX,pretty much everything in crypto is following amara's law bitcoin ether solana avalanche nfts daos etc new paradigms are consistently overestimated in short run and underestimated in the long run,1118.25
2021-10-29 13:30:00 UTC,TOP BSC PROJECTS BY ALTRANK ‚Äº  1.  $HAM 2.  $YOOSHI 3.  $BNB 4.  $CUMMIES 5.  $HERO 6.  $SPE 7.  $FEG 8.  $ASS 9.  $SAFEMARS 10.  $POSI  #BSC  https://t.co/5DdmalAsFb,bsc_daily,['bsc'],"['ham', 'yooshi', 'bnb', 'hero', 'spe', 'feg', 'ass', 'posi']",663,1693,901,BNB,top bsc projects by altrank 1  2  3  4  5  6  7  8  9  10,1086.25
2021-11-05 10:00:01 UTC,TOP BSC PROJECTS MENTIONED THE MOST ON TWITTER üì¢  $CAKE  $CATE  $NFTB  $NFTBS  $YOOSHI  $LZ  $HAM  $BNB  $FEG  $TREES   #BSC  https://t.co/mAeV66dE9p,bsc_daily,['bsc'],"['cake', 'cate', 'nftb', 'nftbs', 'yooshi', 'lz', 'ham', 'bnb', 'feg', 'trees']",645,1659,995,BNB,top bsc projects mentioned the most on twitter,1059.75
2021-09-07 13:01:33 UTC,"The launch of El Salvador‚Äôs state-issued #Bitcoin wallet is assisted by major crypto companies, including Bitso crypto exchange, Silvergate Bank, Athena Bitcoin and Algorand.  https://t.co/KkE00FiFri",cointelegraph,['bitcoin'],[],969,161,38,ALGO,the launch of el salvadors stateissued  wallet is assisted by major crypto companies including bitso crypto exchange silvergate bank athena bitcoin and algorand,1009.25
2021-11-26 12:30:00 UTC,TOP BSC PROJECTS MENTIONED THE MOST ON TWITTER ‚Äº  $CAKE  $TCT  $NFTBS  $BSCS  $CATE  $SFUND  $BNB  $HAM  $FEG   #BSCGems  https://t.co/gHRzSIBOMj,bsc_daily,['bscgems'],"['cake', 'tct', 'nftbs', 'bscs', 'cate', 'sfund', 'bnb', 'ham', 'feg']",563,1332,434,BNB,top bsc projects mentioned the most on twitter,896.0
2021-09-13 14:11:12 UTC,"JUST IN:  announced a new $250M fund to accelerate #dApp growth on Algorand! Focusing on new financial applications across North America and the Middle East, this initiative will unlock a new wave of #DeFi applications on Algorand üëâ  https://t.co/bQBRRiOaQb  https://t.co/JDvRKvr8s1",algorand,"['dapp', 'defi']",[],367,1297,70,ALGO,just in announced a new  fund to accelerate  growth on algorand focusing on new financial applications across north america and the middle east this initiative will unlock a new wave of  applications on algorand,691.25
2021-11-20 09:45:15 UTC,"Hump day whales, how we doin? What coins we looking at today?  In the last 24h  üèÜ Most traded alt: $ELON    ü•≥ Most widely held token: $UNI   ü•á Biggest token position by dollar value: $SHIB   Source:  https://t.co/28TDZ70IkD  #SHIBARMY #dogelonmars  https://t.co/WMU8fgwfeh",whalestats,"['shibarmy', 'dogelonmars']","['elon', 'uni', 'shib']",388,1212,157,UNI,hump day whales how we doin what coins we looking at today in the last 24h most traded alt  most widely held token  biggest token position by dollar value  source,691.0
2021-11-08 16:31:26 UTC,Top 10  Projects By Highest Social Signal üî•  1  $CAKE 2  $CATE 3 #Binancecoin $BNB 4  $NFTBS 5  $HAM 6  $LZ 7  $NFTB 8  $FEG 9  $BSCS 10  $RISE  #BSC #BNBswap #BSCGem  https://t.co/JUqF83Nx7V,bnbswap,"['binancecoin', 'bsc', 'bnbswap', 'bscgem']","['cake', 'cate', 'bnb', 'nftbs', 'ham', 'lz', 'nftb', 'feg', 'bscs', 'rise']",420,965,843,BNB,top 10 projects by highest social signal 1  2  3   4  5  6  7  8  9  10,661.25
2021-10-22 13:00:03 UTC,TOP BSC PROJECTS MENTIONED THE MOST ON TWITTER ‚Äº  $CAKE  $NFTBS  $POP2  $MBOX  $LEOS  $BNB  $FEG  $HAM  $BSCS  $LZ   #BSC  https://t.co/AhcjCjQ0wI,bsc_daily,['bsc'],"['cake', 'nftbs', 'mbox', 'leos', 'bnb', 'feg', 'ham', 'bscs', 'lz']",421,953,735,BNB,top bsc projects mentioned the most on twitter,659.25
2021-11-29 06:29:09 UTC,Two big potential events that could SEND $matic again;  1. Coinbase NFT‚Äôs 2. Uniswap   Pay attention üëÄ,missnatoshi,[],['matic'],191,1723,165,UNI,two big potential events that could send  again; 1 coinbase nfts 2 uniswap pay attention,621.75
2021-11-05 09:13:32 UTC,What's the #ETHrichlist lookin at today?  In 24 hrs  üèÜ $SHIB  - most traded  Honorable mentions $MKR  $FTM   $COMP   $UNI   What #token dips are you buying?   https://t.co/N5qqsCShZR #ETHwhales  https://t.co/s0kwgjltMw,whalestats,"['ethrichlist', 'token', 'ethwhales']","['shib', 'mkr', 'ftm', 'comp', 'uni']",170,489,71,UNI,what's the  lookin at today in 24 hrs   most traded honorable mentions     what  dips are you buying,292.25
2021-11-12 13:54:49 UTC,Which of these #ERC20 tokens will make the most millionaires in the next year?  $BEST $OKB $SHIB $LINK $CRO $TEL $SRM $HOT $BTR $CHZ $MATIC $FTM $UNI $VRA $ENJ $MKR $ENS  üëâ  https://t.co/jGSeQ3uXfo  https://t.co/oD7YVczVKI,whalestats,['erc20'],"['best', 'okb', 'shib', 'link', 'cro', 'tel', 'srm', 'hot', 'btr', 'chz', 'matic', 'ftm', 'uni', 'vra', 'enj', 'mkr', 'ens']",111,406,243,UNI,which of these  tokens will make the most millionaires in the next year,212.5
2021-11-19 17:42:46 UTC,"$METIS Andromeda mainnet launch is just the beginning. TONS of assets coming in the next couple weeks: $USDT, $ETH, $AAVE, Uniswap, the launch of the excellent third-party DEX  (which will offer swap soon, stake &amp; launchpad later).  The journey is just beginning.  https://t.co/LAj9ncDcON",metisdao,[],"['metis', 'usdt', 'eth', 'aave']",113,318,25,UNI,andromeda mainnet launch is just the beginning tons of assets coming in the next couple weeks    uniswap the launch of the excellent thirdparty dex (which will offer swap soon stake &amp; launchpad later) the journey is just beginning,192.5
2021-11-21 16:47:47 UTC,"üëÄ ""early access to #CCIP"" - in August  Based $wBTC Ben   I wonder who else signed up besides $aave $ens $cel   üëÄ  #ETH $ETH $AVAX $SOL $MATIC    #Bitcoin $BTC #BTC  https://t.co/Soy6tiAcY7",nullpackets,"['ccip', 'eth', 'bitcoin', 'btc']","['wbtc', 'aave', 'ens', 'cel', 'eth', 'avax', 'sol', 'matic', 'btc']",14,52,3,WBTC,"""early access to   in august based  ben i wonder who else signed up besides",27.0
2021-11-14 21:49:49 UTC,Chainlink makes #Bitcoin #DeFI  #AllTheChains #AllTheWorldsData #CCIP  $LINK $wBTC #ProofOfReserves  #BTC $BTC  https://t.co/duhDuvphZo,nullpackets,"['bitcoin', 'defi', 'allthechains', 'alltheworldsdata', 'ccip', 'proofofreserves', 'btc']","['link', 'wbtc', 'btc']",8,33,0,WBTC,chainlink makes,16.25
2021-11-10 15:53:23 UTC,Just checked mcap of $OHM and $WBTC.  $WBTC mcap $16billion!! $OHM mcap $3.6billion!!  What would be the mcap of both those wrapped into one???  We may find out with $PRXY very soon. Mcap $7mil  $ETH $BTC $DOGE $QNT $HTR $XPR $EQZ $SHIB $ADA $AVAX $TLOS $TEL $UBX,cryptocorleon,[],"['ohm', 'wbtc', 'wbtc', 'ohm', 'prxy', 'eth', 'btc', 'doge', 'qnt', 'htr', 'xpr', 'eqz', 'shib', 'ada', 'avax', 'tlos', 'tel', 'ubx']",3,17,2,WBTC,just checked mcap of  and   mcap   mcap  what would be the mcap of both those wrapped into one we may find out with  very soon mcap,7.25
2021-10-15 04:04:33 UTC,"üê≥üí± 2,598.96 $WBTC ($154,599,135 USD) transferred from #BlackHole to #AlamedaResearch  Transaction:  https://t.co/Lb8ZX9tMth  #WBTC #Bitcoin #BTC #DeFi",whalestats,"['blackhole', 'alamedaresearch', 'wbtc', 'bitcoin', 'btc', 'defi']",['wbtc'],2,17,3,WBTC,259896  ( usd) transferred from  to  transaction,6.25
2021-09-05 23:26:34 UTC,"üêãüêãüêã An ETH whale just bought 268 $Wrapped BTC ($13,878,475 USD).  Ranked #581 on WhaleStats:  https://t.co/92qDcPadyG  Transaction:  https://t.co/kAx95nrLdG  #wbtc #ethereum #whalestats #defi #erc20",whalestats,"['wbtc', 'ethereum', 'whalestats', 'defi', 'erc20']",[],2,8,0,WBTC,an eth whale just bought 268  btc ( usd) ranked  on whalestats transaction,4.0
